40,113,118,95,0,186,0,0,275,96,129,0,173,0,0,58,96,0,229,0,0,39,0,167,0,0,0,0,0,0,148,0,0,0,0,0,21,39,65,69,0,134,0,0,197,47,70,0,65,0,0,33,74,0,149,0,0,24,0,104,0,0,0,0,0,0,85,0,0,0,0,0,11,5,44,38,0,81,0,0,149,16,24,0,16,0,0,16,44,0,101,0,0,15,0,77,0,0,0,0,0,0,54,0,0,0,0,0,9,0,15,1,0,40,0,0,79,2,8,0,0,0,0,5,0,0,50,0,0,11,0,34,0,0,0,0,0,0,31,0,0,0,0,0,3,0,0,0,0,36,0,0,53,2,0,0,0,0,0,1,0,0,22,0,0,1,0,0,0,0,0,0,0,0,3,0,0,0,0,0,1,0,0,0,0,0,0,0,0,0,0,0,0,0,0,1,0,0,0,0,0,1,0,0,0,0,0,0,0,0,3,0,0,0,0,0
17,69,72,51,0,114,0,0,152,98,72,0,131,0,0,33,53,0,145,0,2,16,0,99,0,6,0,0,0,0,91,0,4,0,0,0,8,25,44,39,0,83,0,0,121,51,45,0,53,0,0,20,41,0,105,0,0,8,0,67,0,6,0,0,0,0,62,0,0,0,0,0,3,1,28,19,0,59,0,0,107,17,22,0,16,0,0,10,28,0,81,0,0,7,0,53,0,6,0,0,0,0,43,0,0,0,0,0,2,0,8,0,0,24,0,0,59,4,7,0,0,0,0,3,0,0,37,0,0,4,0,23,0,4,0,0,0,0,23,0,0,0,0,0,0,0,0,0,0,24,0,0,43,0,0,0,0,0,0,0,0,0,14,0,0,0,0,0,0,0,0,0,0,0,0,0,0,0,0,0,0,0,0,0,0,0,0,0,0,0,0,0,0,0,0,0,0,0,0,0,0,0,0,0,0,0,0,0,0,0,0,0,0,0,0,0
26,103,86,73,0,141,0,0,268,103,120,0,190,0,0,40,84,0,170,0,0,33,0,151,0,0,0,0,0,0,109,0,0,0,0,0,11,40,54,50,0,102,0,0,202,53,64,0,73,0,0,21,60,0,112,0,0,21,0,92,0,0,0,0,0,0,70,0,0,0,0,0,5,6,32,29,0,65,0,0,158,16,29,0,19,0,0,12,38,0,86,0,0,15,0,65,0,0,0,0,0,0,48,0,0,0,0,0,3,0,9,0,0,28,0,0,89,3,9,0,0,0,0,3,0,0,40,0,0,9,0,28,0,0,0,0,0,0,25,0,0,0,0,0,0,0,0,0,0,28,0,0,61,0,0,0,0,0,0,0,0,0,15,0,0,0,0,0,0,0,0,0,0,0,0,0,0,0,0,0,0,0,0,0,0,0,0,0,0,0,0,0,0,0,0,0,0,0,0,0,0,0,0,0,0,0,0,0,0,0,0,0,0,0,0,0
26,112,78,73,0,138,0,0,298,97,130,0,187,0,0,39,83,0,162,0,0,32,0,142,0,0,0,0,0,0,105,0,0,0,0,0,10,42,48,53,0,101,0,0,217,45,69,0,76,0,0,22,59,0,106,0,0,20,0,89,0,0,0,0,0,0,67,0,0,0,0,0,4,2,28,26,0,64,0,0,169,14,27,0,16,0,0,12,34,0,83,0,0,15,0,65,0,0,0,0,0,0,45,0,0,0,0,0,3,0,9,0,0,28,0,0,98,1,9,0,0,0,0,4,0,0,40,0,0,9,0,29,0,0,0,0,0,0,23,0,0,0,0,0,0,0,0,0,0,28,0,0,54,1,0,0,0,0,0,0,0,0,17,0,0,0,0,0,0,0,0,0,0,0,0,0,0,0,0,0,0,0,0,0,0,0,0,0,0,0,0,0,0,0,0,0,0,0,0,0,0,0,0,0,0,0,0,0,0,0,0,0,0,0,0,0
22,134,82,80,0,143,0,0,265,108,147,0,217,0,0,39,95,0,160,0,0,44,0,157,0,0,0,0,0,0,108,0,0,0,0,0,11,48,50,54,0,104,0,0,203,50,83,0,91,0,0,22,67,0,110,0,0,28,0,100,0,0,0,0,0,0,65,0,0,0,0,0,5,6,29,28,0,65,0,0,173,14,33,0,26,0,0,12,43,0,83,0,0,18,0,68,0,0,0,0,0,0,42,0,0,0,0,0,3,0,9,0,0,28,0,0,95,1,10,0,0,0,0,2,1,0,42,0,0,12,0,26,0,0,0,0,0,0,24,0,0,0,0,0,0,0,0,0,0,28,0,0,67,0,0,0,0,0,0,0,0,0,18,0,0,0,0,0,0,0,0,0,0,0,0,0,0,0,0,0,0,0,0,0,0,0,0,0,0,0,0,0,0,0,0,0,0,0,0,0,0,0,0,0,0,0,0,0,0,0,0,0,0,0,0,0
32,121,92,76,0,165,0,0,351,101,142,0,194,0,0,39,86,0,173,0,0,30,0,146,0,0,0,0,0,0,121,0,0,0,0,0,15,43,56,58,0,112,0,0,254,45,74,0,79,0,0,21,61,0,115,0,0,17,0,95,0,0,0,0,0,0,72,0,0,0,0,0,5,3,30,29,0,67,0,0,195,10,30,0,17,0,0,13,36,0,88,0,0,12,0,72,0,0,0,0,0,0,47,0,0,0,0,0,4,0,9,0,0,31,0,0,113,1,10,0,0,0,0,4,0,0,42,0,0,8,0,32,0,0,0,0,0,0,24,0,0,0,0,0,0,0,0,0,0,31,0,0,61,1,0,0,0,0,0,0,0,0,17,0,0,0,0,0,0,0,0,0,0,0,0,0,0,0,0,0,0,0,0,0,0,0,0,0,0,0,0,0,0,0,0,0,0,0,0,0,0,0,0,0,0,0,0,0,0,0,0,0,0,0,0,0
32,119,93,75,0,167,0,0,338,105,141,0,215,0,0,41,90,0,181,0,0,25,0,141,0,0,0,0,0,0,122,0,0,0,0,0,16,45,62,54,0,113,0,0,260,41,81,0,77,0,0,25,66,0,117,0,0,18,0,90,0,0,0,0,0,0,74,0,0,0,0,0,6,5,30,29,0,69,0,0,195,11,37,0,19,0,0,15,43,0,91,0,0,12,0,71,0,0,0,0,0,0,46,0,0,0,0,0,4,0,9,0,0,31,0,0,113,1,10,0,0,0,0,4,1,0,44,0,0,8,0,31,0,0,0,0,0,0,24,0,0,0,0,0,0,0,0,0,0,31,0,0,73,0,0,0,0,0,0,0,0,0,20,0,0,0,0,0,0,0,0,0,0,0,0,0,0,0,0,0,0,0,0,0,0,0,0,0,0,0,0,0,0,0,0,0,0,0,0,0,0,0,0,0,0,0,0,0,0,0,0,0,0,0,0,0
25,119,88,72,0,148,0,0,288,100,127,0,198,0,0,41,78,0,173,0,0,31,0,151,0,0,0,0,0,0,113,0,0,0,0,0,11,45,54,50,0,105,0,0,218,43,69,0,73,0,0,22,59,0,111,0,0,19,0,88,0,0,0,0,0,0,70,0,0,0,0,0,5,5,31,31,0,66,0,0,173,11,33,0,20,0,0,11,42,0,81,0,0,10,0,68,0,0,0,0,0,0,46,0,0,0,0,0,3,0,10,0,0,29,0,0,95,1,10,0,0,0,0,3,0,0,40,0,0,7,0,30,0,0,0,0,0,0,24,0,0,0,0,0,0,0,0,0,0,29,0,0,67,0,0,0,0,0,0,0,0,0,16,0,0,0,0,0,0,0,0,0,0,0,0,0,0,0,0,0,0,0,0,0,0,0,0,0,0,0,0,0,0,0,0,0,0,0,0,0,0,0,0,0,0,0,0,0,0,0,0,0,0,0,0,0
22,108,91,70,0,145,0,0,254,89,126,0,169,0,0,51,81,0,193,0,0,38,0,140,0,0,0,0,0,0,121,0,0,0,0,0,11,39,54,53,0,109,0,0,193,41,76,0,61,0,0,28,59,0,135,0,0,25,0,84,0,0,0,0,0,0,74,0,0,0,0,0,5,6,32,27,0,63,0,0,150,15,28,0,18,0,0,15,36,0,95,0,0,14,0,59,0,0,0,0,0,0,51,0,0,0,0,0,3,0,9,0,0,28,0,0,79,2,8,0,0,0,0,4,0,0,44,0,0,8,0,26,0,0,0,0,0,0,26,0,0,0,0,0,0,0,0,0,0,28,0,0,56,0,0,0,0,0,0,0,0,0,17,0,0,0,0,0,0,0,0,0,0,0,0,0,0,0,0,0,0,0,0,0,0,0,0,0,0,0,0,0,0,0,0,0,0,0,0,0,0,0,0,0,0,0,0,0,0,0,0,0,0,0,0,0
31,82,86,90,0,159,0,0,260,87,111,0,151,0,0,39,89,0,173,0,0,38,0,171,0,0,0,0,0,0,115,0,0,0,0,0,14,27,54,65,0,112,0,0,187,47,62,0,59,0,0,25,69,0,116,0,0,21,0,106,0,0,0,0,0,0,77,0,0,0,0,0,5,4,30,35,0,68,0,0,143,16,26,0,15,0,0,14,42,0,86,0,0,17,0,80,0,0,0,0,0,0,46,0,0,0,0,0,4,0,10,0,0,31,0,0,83,2,8,0,0,0,0,3,0,0,39,0,0,11,0,31,0,0,0,0,0,0,23,0,0,0,0,0,0,0,0,0,0,31,0,0,55,0,0,0,0,0,0,0,0,0,16,0,0,0,0,0,0,0,0,0,0,0,0,0,0,0,0,0,0,0,0,0,0,0,0,0,0,0,0,0,0,0,0,0,0,0,0,0,0,0,0,0,0,0,0,0,0,0,0,0,0,0,0,0
26,100,84,82,0,139,0,1,248,94,101,0,169,0,7,35,87,0,156,0,1,51,0,160,0,6,0,0,0,0,109,0,3,0,0,0,12,40,52,60,0,101,0,0,186,44,52,0,65,0,3,20,62,0,105,0,0,30,0,100,0,4,0,0,0,0,67,0,0,0,0,0,5,6,29,29,0,63,0,0,148,14,25,0,18,0,0,9,39,0,77,0,0,23,0,71,0,4,0,0,0,0,43,0,0,0,0,0,3,0,9,0,0,28,0,0,79,2,8,0,0,0,0,3,0,0,39,0,0,13,0,28,0,2,0,0,0,0,23,0,0,0,0,0,0,0,0,0,0,28,0,0,56,0,0,0,0,0,0,0,0,0,15,0,0,0,0,0,0,0,0,0,0,0,0,0,0,0,0,0,0,0,0,0,0,0,0,0,0,0,0,0,0,0,0,0,0,0,0,0,0,0,0,0,0,0,0,0,0,0,0,0,0,0,0,0
28,112,79,90,0,142,0,0,288,102,120,0,187,0,0,40,100,0,164,0,0,44,0,168,0,0,0,0,0,0,106,0,0,0,0,0,14,45,52,64,0,102,0,0,224,50,59,0,80,0,0,23,72,0,103,0,0,30,0,104,0,0,0,0,0,0,65,0,0,0,0,0,5,9,28,33,0,67,0,0,170,12,27,0,21,0,0,13,46,0,81,0,0,22,0,73,0,0,0,0,0,0,43,0,0,0,0,0,4,0,9,0,0,30,0,0,97,1,8,0,0,0,0,3,1,0,42,0,0,14,0,28,0,0,0,0,0,0,23,0,0,0,0,0,0,0,0,0,0,30,0,0,62,0,0,0,0,0,0,0,0,0,18,0,0,0,0,0,0,0,0,0,0,0,0,0,0,0,0,0,0,0,0,0,0,0,0,0,0,0,0,0,0,0,0,0,0,0,0,0,0,0,0,0,0,0,0,0,0,0,0,0,0,0,0,0
8,23,37,26,0,57,0,2,45,32,49,0,53,0,0,22,37,0,91,0,0,22,0,64,0,3,0,0,0,0,56,0,2,0,0,0,4,9,27,19,0,45,0,0,45,20,32,0,21,0,0,15,24,0,68,0,0,15,0,42,0,3,0,0,0,0,36,0,0,0,0,0,1,1,17,10,0,31,0,0,45,8,9,0,9,0,0,7,16,0,46,0,0,15,0,29,0,3,0,0,0,0,25,0,0,0,0,0,1,0,3,0,0,14,0,0,18,2,3,0,0,0,0,2,0,0,24,0,0,7,0,12,0,2,0,0,0,0,12,0,0,0,0,0,0,0,0,0,0,13,0,0,18,0,0,0,0,0,0,0,0,0,9,0,0,0,0,0,0,0,0,0,0,0,0,0,0,0,0,0,0,0,0,0,0,0,0,0,0,0,0,0,0,0,0,0,0,0,0,0,0,0,0,0,0,0,0,0,0,0,0,0,0,0,0,0
39,116,99,83,0,170,0,0,292,90,116,0,186,0,0,44,96,0,186,0,1,28,0,148,0,4,0,0,0,0,121,0,2,0,0,0,21,49,58,61,0,117,0,0,225,37,61,0,70,0,0,27,70,0,123,0,1,13,0,98,0,3,0,0,0,0,74,0,1,0,0,0,8,7,31,39,0,75,0,0,174,10,30,0,18,0,0,15,47,0,93,0,0,9,0,73,0,3,0,0,0,0,50,0,0,0,0,0,5,0,9,0,0,33,0,0,94,1,9,0,0,0,0,4,1,0,45,0,0,6,0,32,0,2,0,0,0,0,25,0,0,0,0,0,0,0,0,0,0,33,0,0,65,0,0,0,0,0,0,0,0,0,20,0,0,0,0,0,0,0,0,0,0,0,0,0,0,0,0,0,0,0,0,0,0,0,0,0,0,0,0,0,0,0,0,0,0,0,0,0,0,0,0,0,0,0,0,0,0,0,0,0,0,0,0,0
31,111,90,88,0,149,0,0,303,96,120,0,175,0,4,46,110,0,185,0,1,42,0,165,0,5,0,0,0,0,115,0,2,0,0,0,14,42,51,60,0,109,0,0,222,45,69,0,70,0,1,27,74,0,119,0,0,28,0,102,0,3,0,0,0,0,73,0,1,0,0,0,5,3,28,31,0,69,0,0,175,12,27,0,16,0,0,14,41,0,89,0,0,22,0,77,0,3,0,0,0,0,49,0,0,0,0,0,4,0,9,0,0,31,0,0,94,2,9,0,0,0,0,4,0,0,42,0,0,13,0,31,0,2,0,0,0,0,25,0,0,0,0,0,0,0,0,0,0,31,0,0,51,2,0,0,0,0,0,0,0,0,17,0,0,0,0,0,0,0,0,0,0,0,0,0,0,0,0,0,0,0,0,0,0,0,0,0,0,0,0,0,0,0,0,0,0,0,0,0,0,0,0,0,0,0,0,0,0,0,0,0,0,0,0,0
31,110,94,76,0,168,0,0,337,100,139,0,196,0,0,39,88,0,177,0,0,29,0,150,0,0,0,0,0,0,124,0,0,0,0,0,16,45,59,54,0,115,0,0,251,41,78,0,71,0,0,24,64,0,120,0,0,17,0,96,0,0,0,0,0,0,74,0,0,0,0,0,5,7,32,29,0,68,0,0,195,11,35,0,19,0,0,12,41,0,86,0,0,12,0,68,0,0,0,0,0,0,46,0,0,0,0,0,4,0,9,0,0,31,0,0,113,1,10,0,0,0,0,4,0,0,42,0,0,8,0,32,0,0,0,0,0,0,24,0,0,0,0,0,0,0,0,0,0,31,0,0,73,0,0,0,0,0,0,0,0,0,17,0,0,0,0,0,0,0,0,0,0,0,0,0,0,0,0,0,0,0,0,0,0,0,0,0,0,0,0,0,0,0,0,0,0,0,0,0,0,0,0,0,0,0,0,0,0,0,0,0,0,0,0,0
24,110,84,78,0,135,0,0,287,96,121,0,178,0,0,38,82,0,160,0,0,39,0,144,0,0,0,0,0,0,100,0,0,0,0,0,11,37,48,54,0,101,0,0,206,51,65,0,70,0,0,23,64,0,109,0,0,28,0,90,0,0,0,0,0,0,64,0,0,0,0,0,5,3,32,27,0,65,0,0,163,15,27,0,17,0,0,10,38,0,81,0,0,19,0,68,0,0,0,0,0,0,44,0,0,0,0,0,3,0,10,0,0,29,0,0,84,2,9,0,0,0,0,3,0,0,39,0,0,12,0,28,0,0,0,0,0,0,23,0,0,0,0,0,0,0,0,0,0,29,0,0,39,1,0,0,0,0,0,0,0,0,17,0,0,0,0,0,0,0,0,0,0,0,0,0,0,0,0,0,0,0,0,0,0,0,0,0,0,0,0,0,0,0,0,0,0,0,0,0,0,0,0,0,0,0,0,0,0,0,0,0,0,0,0,0
6,4,18,22,0,38,0,0,15,13,25,0,13,0,0,4,18,0,33,0,0,11,0,45,0,0,0,0,0,0,27,0,0,0,0,0,1,2,13,16,0,31,0,0,15,7,10,0,6,0,0,2,14,0,28,0,0,10,0,34,0,0,0,0,0,0,21,0,0,0,0,0,1,0,10,9,0,23,0,0,15,3,3,0,2,0,0,0,11,0,21,0,0,9,0,24,0,0,0,0,0,0,17,0,0,0,0,0,1,0,3,0,0,11,0,0,6,1,1,0,0,0,0,0,1,0,11,0,0,6,0,9,0,0,0,0,0,0,8,0,0,0,0,0,0,0,0,0,0,11,0,0,6,0,0,0,0,0,0,0,0,0,3,0,0,0,0,0,0,0,0,0,0,0,0,0,0,0,0,0,0,0,0,0,0,0,0,0,0,0,0,0,0,0,0,0,0,0,0,0,0,0,0,0,0,0,0,0,0,0,0,0,0,0,0,0
24,109,84,76,0,146,0,0,291,101,128,0,189,0,0,44,83,0,171,0,0,32,0,145,0,0,0,0,0,0,112,0,0,0,0,0,12,39,54,53,0,103,0,0,220,48,67,0,71,0,0,23,55,0,116,0,0,18,0,87,0,0,0,0,0,0,70,0,0,0,0,0,4,9,32,26,0,68,0,0,169,14,31,0,19,0,0,12,35,0,86,0,0,15,0,65,0,0,0,0,0,0,48,0,0,0,0,0,3,0,9,0,0,28,0,0,98,2,9,0,0,0,0,3,0,0,40,0,0,9,0,28,0,0,0,0,0,0,25,0,0,0,0,0,0,0,0,0,0,28,0,0,64,0,0,0,0,0,0,0,0,0,15,0,0,0,0,0,0,0,0,0,0,0,0,0,0,0,0,0,0,0,0,0,0,0,0,0,0,0,0,0,0,0,0,0,0,0,0,0,0,0,0,0,0,0,0,0,0,0,0,0,0,0,0,0
25,112,87,72,0,145,0,0,287,95,123,0,184,0,0,43,82,0,166,0,0,32,0,143,0,0,0,0,0,0,112,0,0,0,0,0,11,43,53,52,0,103,0,0,220,40,67,0,70,0,0,24,57,0,112,0,0,18,0,85,0,0,0,0,0,0,71,0,0,0,0,0,4,7,32,25,0,67,0,0,169,11,33,0,20,0,0,12,34,0,86,0,0,15,0,61,0,0,0,0,0,0,48,0,0,0,0,0,3,0,9,0,0,28,0,0,98,1,9,0,0,0,0,3,0,0,40,0,0,9,0,27,0,0,0,0,0,0,25,0,0,0,0,0,0,0,0,0,0,28,0,0,64,0,0,0,0,0,0,0,0,0,15,0,0,0,0,0,0,0,0,0,0,0,0,0,0,0,0,0,0,0,0,0,0,0,0,0,0,0,0,0,0,0,0,0,0,0,0,0,0,0,0,0,0,0,0,0,0,0,0,0,0,0,0,0
25,112,85,75,0,145,0,0,287,105,128,0,195,0,0,45,88,0,172,0,0,32,0,152,0,0,0,0,0,0,111,0,0,0,0,0,11,44,54,55,0,102,0,0,218,45,67,0,70,0,0,22,61,0,113,0,0,18,0,93,0,0,0,0,0,0,70,0,0,0,0,0,4,6,31,28,0,66,0,0,169,14,32,0,19,0,0,13,38,0,84,0,0,15,0,67,0,0,0,0,0,0,45,0,0,0,0,0,3,0,9,0,0,28,0,0,98,2,9,0,0,0,0,4,0,0,40,0,0,9,0,30,0,0,0,0,0,0,23,0,0,0,0,0,0,0,0,0,0,28,0,0,64,0,0,0,0,0,0,0,0,0,17,0,0,0,0,0,0,0,0,0,0,0,0,0,0,0,0,0,0,0,0,0,0,0,0,0,0,0,0,0,0,0,0,0,0,0,0,0,0,0,0,0,0,0,0,0,0,0,0,0,0,0,0,0
26,105,81,73,0,136,0,0,298,112,137,0,190,0,0,43,79,0,175,0,1,35,0,137,0,3,0,0,0,0,108,0,1,0,0,0,13,37,56,51,0,102,0,0,229,54,74,0,71,0,0,25,61,0,111,0,0,20,0,84,0,3,0,0,0,0,66,0,0,0,0,0,4,5,31,31,0,65,0,0,179,15,32,0,19,0,0,12,40,0,83,0,0,11,0,63,0,3,0,0,0,0,45,0,0,0,0,0,3,0,9,0,0,28,0,0,108,2,10,0,0,0,0,4,0,0,40,0,0,8,0,27,0,2,0,0,0,0,23,0,0,0,0,0,0,0,0,0,0,28,0,0,69,0,0,0,0,0,0,0,0,0,17,0,0,0,0,0,0,0,0,0,0,0,0,0,0,0,0,0,0,0,0,0,0,0,0,0,0,0,0,0,0,0,0,0,0,0,0,0,0,0,0,0,0,0,0,0,0,0,0,0,0,0,0,0
26,105,81,73,0,136,0,0,298,112,137,0,190,0,0,43,79,0,175,0,1,35,0,137,0,3,0,0,0,0,108,0,1,0,0,0,13,37,56,51,0,102,0,0,229,54,74,0,71,0,0,25,61,0,111,0,0,20,0,84,0,3,0,0,0,0,66,0,0,0,0,0,4,5,31,31,0,65,0,0,179,15,32,0,19,0,0,12,40,0,83,0,0,11,0,63,0,3,0,0,0,0,45,0,0,0,0,0,3,0,9,0,0,28,0,0,108,2,10,0,0,0,0,4,0,0,40,0,0,8,0,27,0,2,0,0,0,0,23,0,0,0,0,0,0,0,0,0,0,28,0,0,69,0,0,0,0,0,0,0,0,0,17,0,0,0,0,0,0,0,0,0,0,0,0,0,0,0,0,0,0,0,0,0,0,0,0,0,0,0,0,0,0,0,0,0,0,0,0,0,0,0,0,0,0,0,0,0,0,0,0,0,0,0,0,0
25,111,88,77,0,144,0,0,264,99,119,0,183,0,0,46,95,0,176,0,0,31,0,157,0,0,0,0,0,0,114,0,0,0,0,0,11,43,53,55,0,101,0,0,200,46,65,0,66,0,0,24,63,0,117,0,0,18,0,99,0,0,0,0,0,0,73,0,0,0,0,0,4,7,30,30,0,66,0,0,158,14,32,0,21,0,0,13,41,0,87,0,0,12,0,65,0,0,0,0,0,0,46,0,0,0,0,0,3,0,9,0,0,28,0,0,89,2,9,0,0,0,0,4,0,0,41,0,0,8,0,29,0,0,0,0,0,0,24,0,0,0,0,0,0,0,0,0,0,28,0,0,61,0,0,0,0,0,0,0,0,0,17,0,0,0,0,0,0,0,0,0,0,0,0,0,0,0,0,0,0,0,0,0,0,0,0,0,0,0,0,0,0,0,0,0,0,0,0,0,0,0,0,0,0,0,0,0,0,0,0,0,0,0,0,0
25,121,86,80,0,143,0,0,277,118,129,0,212,0,0,40,90,0,161,0,0,32,0,158,0,0,0,0,0,0,107,0,0,0,0,0,11,49,52,58,0,100,0,0,210,55,71,0,74,0,0,20,63,0,108,0,0,19,0,101,0,0,0,0,0,0,68,0,0,0,0,0,4,8,30,32,0,65,0,0,168,15,35,0,22,0,0,11,39,0,80,0,0,13,0,67,0,0,0,0,0,0,43,0,0,0,0,0,3,0,10,0,0,29,0,0,99,2,10,0,0,0,0,3,0,0,39,0,0,9,0,29,0,0,0,0,0,0,23,0,0,0,0,0,0,0,0,0,0,29,0,0,66,0,0,0,0,0,0,0,0,0,16,0,0,0,0,0,0,0,0,0,0,0,0,0,0,0,0,0,0,0,0,0,0,0,0,0,0,0,0,0,0,0,0,0,0,0,0,0,0,0,0,0,0,0,0,0,0,0,0,0,0,0,0,0
25,121,84,77,0,141,0,0,277,121,129,0,212,0,0,43,89,0,165,0,0,31,0,156,0,0,0,0,0,0,107,0,0,0,0,0,11,49,51,56,0,98,0,0,210,55,71,0,74,0,0,22,63,0,111,0,0,18,0,98,0,0,0,0,0,0,69,0,0,0,0,0,4,8,29,30,0,64,0,0,168,15,35,0,22,0,0,12,40,0,83,0,0,12,0,65,0,0,0,0,0,0,44,0,0,0,0,0,3,0,9,0,0,28,0,0,99,2,10,0,0,0,0,4,0,0,40,0,0,8,0,29,0,0,0,0,0,0,23,0,0,0,0,0,0,0,0,0,0,28,0,0,66,0,0,0,0,0,0,0,0,0,17,0,0,0,0,0,0,0,0,0,0,0,0,0,0,0,0,0,0,0,0,0,0,0,0,0,0,0,0,0,0,0,0,0,0,0,0,0,0,0,0,0,0,0,0,0,0,0,0,0,0,0,0,0
28,112,79,83,0,142,0,0,288,102,109,0,188,0,0,40,96,0,164,0,0,35,0,157,0,0,0,0,0,0,107,0,0,0,0,0,14,45,52,61,0,102,0,0,224,50,55,0,80,0,0,23,69,0,103,0,0,26,0,98,0,0,0,0,0,0,65,0,0,0,0,0,5,9,28,32,0,67,0,0,170,12,27,0,21,0,0,13,45,0,81,0,0,19,0,70,0,0,0,0,0,0,43,0,0,0,0,0,4,0,9,0,0,30,0,0,97,1,8,0,0,0,0,3,1,0,42,0,0,12,0,28,0,0,0,0,0,0,23,0,0,0,0,0,0,0,0,0,0,30,0,0,62,0,0,0,0,0,0,0,0,0,18,0,0,0,0,0,0,0,0,0,0,0,0,0,0,0,0,0,0,0,0,0,0,0,0,0,0,0,0,0,0,0,0,0,0,0,0,0,0,0,0,0,0,0,0,0,0,0,0,0,0,0,0,0
28,112,79,83,0,145,0,0,288,102,109,0,192,0,0,40,96,0,167,0,0,35,0,160,0,0,0,0,0,0,111,0,0,0,0,0,14,45,52,61,0,103,0,0,224,50,55,0,82,0,0,23,69,0,104,0,0,26,0,99,0,0,0,0,0,0,68,0,0,0,0,0,5,9,28,32,0,68,0,0,170,12,27,0,21,0,0,13,45,0,81,0,0,19,0,71,0,0,0,0,0,0,44,0,0,0,0,0,4,0,9,0,0,30,0,0,97,1,8,0,0,0,0,3,1,0,42,0,0,12,0,29,0,0,0,0,0,0,23,0,0,0,0,0,0,0,0,0,0,30,0,0,62,0,0,0,0,0,0,0,0,0,18,0,0,0,0,0,0,0,0,0,0,0,0,0,0,0,0,0,0,0,0,0,0,0,0,0,0,0,0,0,0,0,0,0,0,0,0,0,0,0,0,0,0,0,0,0,0,0,0,0,0,0,0,0
28,112,79,90,0,142,0,0,288,102,120,0,187,0,0,40,100,0,164,0,0,44,0,168,0,0,0,0,0,0,106,0,0,0,0,0,14,45,52,64,0,102,0,0,224,50,59,0,80,0,0,23,72,0,103,0,0,30,0,104,0,0,0,0,0,0,65,0,0,0,0,0,5,9,28,33,0,67,0,0,170,12,27,0,21,0,0,13,46,0,81,0,0,22,0,73,0,0,0,0,0,0,43,0,0,0,0,0,4,0,9,0,0,30,0,0,97,1,8,0,0,0,0,3,1,0,42,0,0,14,0,28,0,0,0,0,0,0,23,0,0,0,0,0,0,0,0,0,0,30,0,0,62,0,0,0,0,0,0,0,0,0,18,0,0,0,0,0,0,0,0,0,0,0,0,0,0,0,0,0,0,0,0,0,0,0,0,0,0,0,0,0,0,0,0,0,0,0,0,0,0,0,0,0,0,0,0,0,0,0,0,0,0,0,0,0
28,112,79,90,0,142,0,0,288,102,120,0,187,0,0,40,100,0,164,0,0,44,0,168,0,0,0,0,0,0,106,0,0,0,0,0,14,45,52,64,0,102,0,0,224,50,59,0,80,0,0,23,72,0,103,0,0,30,0,104,0,0,0,0,0,0,65,0,0,0,0,0,5,9,28,33,0,67,0,0,170,12,27,0,21,0,0,13,46,0,81,0,0,22,0,73,0,0,0,0,0,0,43,0,0,0,0,0,4,0,9,0,0,30,0,0,97,1,8,0,0,0,0,3,1,0,42,0,0,14,0,28,0,0,0,0,0,0,23,0,0,0,0,0,0,0,0,0,0,30,0,0,62,0,0,0,0,0,0,0,0,0,18,0,0,0,0,0,0,0,0,0,0,0,0,0,0,0,0,0,0,0,0,0,0,0,0,0,0,0,0,0,0,0,0,0,0,0,0,0,0,0,0,0,0,0,0,0,0,0,0,0,0,0,0,0
28,112,79,83,0,145,0,0,288,102,109,0,192,0,0,40,96,0,167,0,0,35,0,160,0,0,0,0,0,0,111,0,0,0,0,0,14,45,52,61,0,103,0,0,224,50,55,0,82,0,0,23,69,0,104,0,0,26,0,99,0,0,0,0,0,0,68,0,0,0,0,0,5,9,28,32,0,68,0,0,170,12,27,0,21,0,0,13,45,0,81,0,0,19,0,71,0,0,0,0,0,0,44,0,0,0,0,0,4,0,9,0,0,30,0,0,97,1,8,0,0,0,0,3,1,0,42,0,0,12,0,29,0,0,0,0,0,0,23,0,0,0,0,0,0,0,0,0,0,30,0,0,62,0,0,0,0,0,0,0,0,0,18,0,0,0,0,0,0,0,0,0,0,0,0,0,0,0,0,0,0,0,0,0,0,0,0,0,0,0,0,0,0,0,0,0,0,0,0,0,0,0,0,0,0,0,0,0,0,0,0,0,0,0,0,0
25,120,84,77,0,141,0,0,278,121,129,0,214,0,0,43,89,0,165,0,0,31,0,156,0,0,0,0,0,0,107,0,0,0,0,0,11,49,51,56,0,98,0,0,211,56,74,0,74,0,0,22,63,0,110,0,0,18,0,98,0,0,0,0,0,0,69,0,0,0,0,0,4,8,29,30,0,64,0,0,173,15,36,0,22,0,0,12,40,0,83,0,0,12,0,65,0,0,0,0,0,0,44,0,0,0,0,0,3,0,9,0,0,28,0,0,95,2,10,0,0,0,0,4,0,0,40,0,0,8,0,29,0,0,0,0,0,0,23,0,0,0,0,0,0,0,0,0,0,28,0,0,67,0,0,0,0,0,0,0,0,0,17,0,0,0,0,0,0,0,0,0,0,0,0,0,0,0,0,0,0,0,0,0,0,0,0,0,0,0,0,0,0,0,0,0,0,0,0,0,0,0,0,0,0,0,0,0,0,0,0,0,0,0,0,0
25,121,84,77,0,141,0,0,277,121,129,0,212,0,0,43,89,0,165,0,0,31,0,156,0,0,0,0,0,0,107,0,0,0,0,0,11,49,51,56,0,98,0,0,210,55,71,0,74,0,0,22,63,0,111,0,0,18,0,98,0,0,0,0,0,0,69,0,0,0,0,0,4,8,29,30,0,64,0,0,168,15,35,0,22,0,0,12,40,0,83,0,0,12,0,65,0,0,0,0,0,0,44,0,0,0,0,0,3,0,9,0,0,28,0,0,99,2,10,0,0,0,0,4,0,0,40,0,0,8,0,29,0,0,0,0,0,0,23,0,0,0,0,0,0,0,0,0,0,28,0,0,66,0,0,0,0,0,0,0,0,0,17,0,0,0,0,0,0,0,0,0,0,0,0,0,0,0,0,0,0,0,0,0,0,0,0,0,0,0,0,0,0,0,0,0,0,0,0,0,0,0,0,0,0,0,0,0,0,0,0,0,0,0,0,0
31,116,91,77,0,170,0,0,311,85,126,0,181,0,0,40,97,0,178,0,0,34,0,151,0,0,0,0,0,0,121,0,0,0,0,0,15,41,55,58,0,112,0,0,224,40,68,0,66,0,0,25,70,0,113,0,0,23,0,97,0,0,0,0,0,0,72,0,0,0,0,0,5,4,30,28,0,69,0,0,171,9,27,0,15,0,0,15,40,0,90,0,0,18,0,73,0,0,0,0,0,0,47,0,0,0,0,0,4,0,9,0,0,31,0,0,98,1,9,0,0,0,0,5,1,0,44,0,0,11,0,31,0,0,0,0,0,0,24,0,0,0,0,0,0,0,0,0,0,31,0,0,52,1,0,0,0,0,0,0,0,0,20,0,0,0,0,0,0,0,0,0,0,0,0,0,0,0,0,0,0,0,0,0,0,0,0,0,0,0,0,0,0,0,0,0,0,0,0,0,0,0,0,0,0,0,0,0,0,0,0,0,0,0,0,0
31,116,91,77,0,170,0,0,311,85,126,0,181,0,0,40,97,0,178,0,0,34,0,151,0,0,0,0,0,0,121,0,0,0,0,0,15,41,55,58,0,112,0,0,224,40,68,0,66,0,0,25,70,0,113,0,0,23,0,97,0,0,0,0,0,0,72,0,0,0,0,0,5,4,30,28,0,69,0,0,171,9,27,0,15,0,0,15,40,0,90,0,0,18,0,73,0,0,0,0,0,0,47,0,0,0,0,0,4,0,9,0,0,31,0,0,98,1,9,0,0,0,0,5,1,0,44,0,0,11,0,31,0,0,0,0,0,0,24,0,0,0,0,0,0,0,0,0,0,31,0,0,52,1,0,0,0,0,0,0,0,0,20,0,0,0,0,0,0,0,0,0,0,0,0,0,0,0,0,0,0,0,0,0,0,0,0,0,0,0,0,0,0,0,0,0,0,0,0,0,0,0,0,0,0,0,0,0,0,0,0,0,0,0,0,0
31,122,91,76,0,169,0,0,347,104,129,0,203,0,0,40,90,0,178,0,0,27,0,145,0,0,0,0,0,0,121,0,0,0,0,0,15,44,55,59,0,111,0,0,257,48,72,0,76,0,0,25,67,0,113,0,0,14,0,95,0,0,0,0,0,0,72,0,0,0,0,0,5,4,30,27,0,68,0,0,197,9,30,0,17,0,0,15,42,0,90,0,0,9,0,70,0,0,0,0,0,0,47,0,0,0,0,0,4,0,9,0,0,31,0,0,113,1,10,0,0,0,0,5,2,0,44,0,0,7,0,31,0,0,0,0,0,0,24,0,0,0,0,0,0,0,0,0,0,31,0,0,61,1,0,0,0,0,0,0,0,0,20,0,0,0,0,0,0,0,0,0,0,0,0,0,0,0,0,0,0,0,0,0,0,0,0,0,0,0,0,0,0,0,0,0,0,0,0,0,0,0,0,0,0,0,0,0,0,0,0,0,0,0,0,0
31,116,91,77,0,170,0,0,311,85,126,0,181,0,0,40,97,0,178,0,0,34,0,151,0,0,0,0,0,0,121,0,0,0,0,0,15,41,55,58,0,112,0,0,224,40,68,0,66,0,0,25,70,0,113,0,0,23,0,97,0,0,0,0,0,0,72,0,0,0,0,0,5,4,30,28,0,69,0,0,171,9,27,0,15,0,0,15,40,0,90,0,0,18,0,73,0,0,0,0,0,0,47,0,0,0,0,0,4,0,9,0,0,31,0,0,98,1,9,0,0,0,0,5,1,0,44,0,0,11,0,31,0,0,0,0,0,0,24,0,0,0,0,0,0,0,0,0,0,31,0,0,52,1,0,0,0,0,0,0,0,0,20,0,0,0,0,0,0,0,0,0,0,0,0,0,0,0,0,0,0,0,0,0,0,0,0,0,0,0,0,0,0,0,0,0,0,0,0,0,0,0,0,0,0,0,0,0,0,0,0,0,0,0,0,0
31,116,91,77,0,170,0,0,311,85,126,0,181,0,0,40,97,0,178,0,0,34,0,151,0,0,0,0,0,0,121,0,0,0,0,0,15,41,55,58,0,112,0,0,224,40,68,0,66,0,0,25,70,0,113,0,0,23,0,97,0,0,0,0,0,0,72,0,0,0,0,0,5,4,30,28,0,69,0,0,171,9,27,0,15,0,0,15,40,0,90,0,0,18,0,73,0,0,0,0,0,0,47,0,0,0,0,0,4,0,9,0,0,31,0,0,98,1,9,0,0,0,0,5,1,0,44,0,0,11,0,31,0,0,0,0,0,0,24,0,0,0,0,0,0,0,0,0,0,31,0,0,52,1,0,0,0,0,0,0,0,0,20,0,0,0,0,0,0,0,0,0,0,0,0,0,0,0,0,0,0,0,0,0,0,0,0,0,0,0,0,0,0,0,0,0,0,0,0,0,0,0,0,0,0,0,0,0,0,0,0,0,0,0,0,0
31,122,91,74,0,169,0,0,347,104,134,0,203,0,0,40,90,0,178,0,0,27,0,142,0,0,0,0,0,0,121,0,0,0,0,0,15,44,55,56,0,111,0,0,257,48,75,0,76,0,0,25,67,0,113,0,0,17,0,92,0,0,0,0,0,0,72,0,0,0,0,0,5,4,30,27,0,68,0,0,197,9,30,0,17,0,0,15,41,0,90,0,0,12,0,70,0,0,0,0,0,0,47,0,0,0,0,0,4,0,9,0,0,31,0,0,113,1,10,0,0,0,0,5,1,0,44,0,0,8,0,31,0,0,0,0,0,0,24,0,0,0,0,0,0,0,0,0,0,31,0,0,61,1,0,0,0,0,0,0,0,0,20,0,0,0,0,0,0,0,0,0,0,0,0,0,0,0,0,0,0,0,0,0,0,0,0,0,0,0,0,0,0,0,0,0,0,0,0,0,0,0,0,0,0,0,0,0,0,0,0,0,0,0,0,0
31,122,91,74,0,169,0,0,347,104,134,0,203,0,0,40,90,0,178,0,0,27,0,142,0,0,0,0,0,0,121,0,0,0,0,0,15,44,55,56,0,111,0,0,257,48,75,0,76,0,0,25,67,0,113,0,0,17,0,92,0,0,0,0,0,0,72,0,0,0,0,0,5,4,30,27,0,68,0,0,197,9,30,0,17,0,0,15,41,0,90,0,0,12,0,70,0,0,0,0,0,0,47,0,0,0,0,0,4,0,9,0,0,31,0,0,113,1,10,0,0,0,0,5,1,0,44,0,0,8,0,31,0,0,0,0,0,0,24,0,0,0,0,0,0,0,0,0,0,31,0,0,61,1,0,0,0,0,0,0,0,0,20,0,0,0,0,0,0,0,0,0,0,0,0,0,0,0,0,0,0,0,0,0,0,0,0,0,0,0,0,0,0,0,0,0,0,0,0,0,0,0,0,0,0,0,0,0,0,0,0,0,0,0,0,0
29,116,93,89,0,148,0,1,306,114,139,0,198,0,2,38,87,0,171,0,1,39,0,154,0,5,0,0,0,0,109,0,4,0,0,0,14,42,54,61,0,108,0,1,219,53,74,0,74,0,0,25,69,0,114,0,1,24,0,95,0,4,0,0,0,0,67,0,1,0,0,0,7,6,31,32,0,68,0,0,178,16,33,0,21,0,0,12,40,0,84,0,0,14,0,71,0,3,0,0,0,0,45,0,0,0,0,0,3,0,10,0,0,30,0,0,91,2,10,0,0,0,0,2,1,0,41,0,0,10,0,29,0,2,0,0,0,0,24,0,0,0,0,0,0,0,0,0,0,30,0,0,68,0,0,0,0,0,0,0,0,0,17,0,0,0,0,0,0,0,0,0,0,0,0,0,0,0,0,0,0,0,0,0,0,0,0,0,0,0,0,0,0,0,0,0,0,0,0,0,0,0,0,0,0,0,0,0,0,0,0,0,0,0,0,0
25,117,86,87,0,138,0,1,306,118,142,0,200,0,2,40,100,0,172,0,1,45,0,160,0,5,0,0,0,0,108,0,4,0,0,0,11,44,53,61,0,101,0,1,219,56,75,0,76,0,0,25,75,0,113,0,1,27,0,102,0,4,0,0,0,0,63,0,1,0,0,0,4,7,31,33,0,66,0,0,178,17,33,0,21,0,0,12,42,0,84,0,0,15,0,73,0,3,0,0,0,0,44,0,0,0,0,0,2,0,11,0,0,29,0,0,91,2,10,0,0,0,0,2,1,0,42,0,0,11,0,29,0,2,0,0,0,0,24,0,0,0,0,0,0,0,0,0,0,29,0,0,68,0,0,0,0,0,0,0,0,0,18,0,0,0,0,0,0,0,0,0,0,0,0,0,0,0,0,0,0,0,0,0,0,0,0,0,0,0,0,0,0,0,0,0,0,0,0,0,0,0,0,0,0,0,0,0,0,0,0,0,0,0,0,0
29,132,85,86,0,141,0,1,340,125,155,0,215,0,8,38,92,0,169,0,2,35,0,152,0,3,0,0,0,0,108,0,4,0,0,0,13,49,51,64,0,104,0,1,236,59,81,0,80,0,4,25,71,0,112,0,2,21,0,97,0,3,0,0,0,0,63,0,1,0,0,0,6,7,31,33,0,68,0,0,193,19,36,0,23,0,0,12,40,0,83,0,0,12,0,70,0,3,0,0,0,0,44,0,0,0,0,0,3,0,10,0,0,30,0,0,97,3,11,0,0,0,0,2,1,0,41,0,0,9,0,29,0,2,0,0,0,0,24,0,0,0,0,0,0,0,0,0,0,30,0,0,74,0,0,0,0,0,0,0,0,0,17,0,0,0,0,0,0,0,0,0,0,0,0,0,0,0,0,0,0,0,0,0,0,0,0,0,0,0,0,0,0,0,0,0,0,0,0,0,0,0,0,0,0,0,0,0,0,0,0,0,0,0,0,0
28,101,90,89,0,146,0,1,280,98,124,0,178,0,2,41,91,0,181,0,1,41,0,162,0,5,0,0,0,0,113,0,4,0,0,0,13,39,54,63,0,107,0,1,202,49,68,0,68,0,0,27,69,0,118,0,1,24,0,99,0,4,0,0,0,0,66,0,1,0,0,0,6,6,31,35,0,69,0,0,163,16,30,0,19,0,0,13,40,0,87,0,0,15,0,71,0,3,0,0,0,0,46,0,0,0,0,0,3,0,10,0,0,30,0,0,85,2,9,0,0,0,0,2,1,0,42,0,0,11,0,28,0,2,0,0,0,0,25,0,0,0,0,0,0,0,0,0,0,30,0,0,62,0,0,0,0,0,0,0,0,0,17,0,0,0,0,0,0,0,0,0,0,0,0,0,0,0,0,0,0,0,0,0,0,0,0,0,0,0,0,0,0,0,0,0,0,0,0,0,0,0,0,0,0,0,0,0,0,0,0,0,0,0,0,0
28,117,83,92,0,140,0,1,306,107,143,0,197,0,2,37,93,0,167,0,1,45,0,163,0,5,0,0,0,0,108,0,4,0,0,0,12,45,50,65,0,104,0,1,219,44,74,0,71,0,0,24,72,0,110,0,1,26,0,101,0,4,0,0,0,0,63,0,1,0,0,0,6,8,31,36,0,68,0,0,178,13,33,0,21,0,0,12,41,0,83,0,0,15,0,73,0,3,0,0,0,0,44,0,0,0,0,0,3,0,10,0,0,30,0,0,91,1,10,0,0,0,0,2,1,0,41,0,0,11,0,29,0,2,0,0,0,0,24,0,0,0,0,0,0,0,0,0,0,30,0,0,68,0,0,0,0,0,0,0,0,0,17,0,0,0,0,0,0,0,0,0,0,0,0,0,0,0,0,0,0,0,0,0,0,0,0,0,0,0,0,0,0,0,0,0,0,0,0,0,0,0,0,0,0,0,0,0,0,0,0,0,0,0,0,0
28,98,83,92,0,140,0,1,291,92,136,0,162,0,2,37,95,0,167,0,1,46,0,164,0,5,0,0,0,0,108,0,4,0,0,0,12,35,50,65,0,104,0,1,204,40,69,0,61,0,0,24,72,0,110,0,1,26,0,101,0,4,0,0,0,0,63,0,1,0,0,0,6,4,31,36,0,68,0,0,163,13,30,0,18,0,0,12,41,0,83,0,0,15,0,73,0,3,0,0,0,0,44,0,0,0,0,0,3,0,10,0,0,30,0,0,85,1,9,0,0,0,0,2,1,0,41,0,0,11,0,29,0,2,0,0,0,0,24,0,0,0,0,0,0,0,0,0,0,30,0,0,62,0,0,0,0,0,0,0,0,0,17,0,0,0,0,0,0,0,0,0,0,0,0,0,0,0,0,0,0,0,0,0,0,0,0,0,0,0,0,0,0,0,0,0,0,0,0,0,0,0,0,0,0,0,0,0,0,0,0,0,0,0,0,0
31,116,87,90,0,145,0,1,306,114,139,0,197,0,2,38,91,0,169,0,1,41,0,158,0,5,0,0,0,0,109,0,4,0,0,0,14,40,53,66,0,109,0,1,219,53,73,0,74,0,0,25,68,0,113,0,1,23,0,97,0,4,0,0,0,0,64,0,1,0,0,0,9,7,31,35,0,73,0,0,178,16,33,0,21,0,0,12,40,0,84,0,0,14,0,71,0,3,0,0,0,0,45,0,0,0,0,0,3,0,10,0,0,30,0,0,91,2,10,0,0,0,0,2,1,0,41,0,0,10,0,29,0,2,0,0,0,0,24,0,0,0,0,0,0,0,0,0,0,30,0,0,68,0,0,0,0,0,0,0,0,0,17,0,0,0,0,0,0,0,0,0,0,0,0,0,0,0,0,0,0,0,0,0,0,0,0,0,0,0,0,0,0,0,0,0,0,0,0,0,0,0,0,0,0,0,0,0,0,0,0,0,0,0,0,0
26,110,84,90,0,138,0,1,306,124,143,0,199,0,2,42,96,0,173,0,1,45,0,162,0,5,0,0,0,0,108,0,4,0,0,0,12,39,51,65,0,102,0,1,219,58,75,0,75,0,0,27,73,0,114,0,1,27,0,101,0,4,0,0,0,0,63,0,1,0,0,0,6,6,32,35,0,68,0,0,178,16,33,0,21,0,0,12,41,0,84,0,0,15,0,73,0,3,0,0,0,0,44,0,0,0,0,0,2,0,11,0,0,29,0,0,91,2,10,0,0,0,0,2,1,0,42,0,0,11,0,29,0,2,0,0,0,0,24,0,0,0,0,0,0,0,0,0,0,29,0,0,68,0,0,0,0,0,0,0,0,0,18,0,0,0,0,0,0,0,0,0,0,0,0,0,0,0,0,0,0,0,0,0,0,0,0,0,0,0,0,0,0,0,0,0,0,0,0,0,0,0,0,0,0,0,0,0,0,0,0,0,0,0,0,0
25,104,84,82,0,139,0,0,265,96,109,0,178,0,0,31,83,0,158,0,0,37,0,152,0,0,0,0,0,0,103,0,0,0,0,0,14,38,51,60,0,104,0,0,205,46,57,0,64,0,0,19,61,0,102,0,0,20,0,97,0,0,0,0,0,0,66,0,0,0,0,0,4,6,28,30,0,66,0,0,161,13,26,0,17,0,0,8,38,0,82,0,0,15,0,73,0,0,0,0,0,0,44,0,0,0,0,0,3,0,9,0,0,29,0,0,88,2,8,0,0,0,0,2,1,0,39,0,0,11,0,28,0,0,0,0,0,0,25,0,0,0,0,0,0,0,0,0,0,29,0,0,59,0,0,0,0,0,0,0,0,0,13,0,0,0,0,0,0,0,0,0,0,0,0,0,0,0,0,0,0,0,0,0,0,0,0,0,0,0,0,0,0,0,0,0,0,0,0,0,0,0,0,0,0,0,0,0,0,0,0,0,0,0,0,0
26,117,85,72,0,145,0,0,341,108,132,0,214,0,0,35,81,0,166,0,2,22,0,131,0,3,0,0,0,0,109,0,1,0,0,0,12,41,55,49,0,109,0,0,250,50,77,0,79,0,0,22,60,0,111,0,1,14,0,85,0,3,0,0,0,0,68,0,0,0,0,0,6,4,27,28,0,69,0,0,194,17,36,0,23,0,0,12,37,0,86,0,0,10,0,64,0,3,0,0,0,0,49,0,0,0,0,0,3,0,9,0,0,29,0,0,114,2,11,0,0,0,0,2,1,0,42,0,0,7,0,27,0,2,0,0,0,0,26,0,0,0,0,0,0,0,0,0,0,29,0,0,75,0,0,0,0,0,0,0,0,0,16,0,0,0,0,0,0,0,0,0,0,0,0,0,0,0,0,0,0,0,0,0,0,0,0,0,0,0,0,0,0,0,0,0,0,0,0,0,0,0,0,0,0,0,0,0,0,0,0,0,0,0,0,0
31,115,94,84,0,161,0,0,320,99,120,0,197,0,0,35,87,0,172,0,2,25,0,145,0,3,0,0,0,0,117,0,1,0,0,0,14,41,57,55,0,114,0,0,234,45,69,0,70,0,0,22,64,0,114,0,1,16,0,93,0,3,0,0,0,0,69,0,0,0,0,0,7,3,30,31,0,71,0,0,179,16,32,0,22,0,0,12,39,0,86,0,0,11,0,67,0,3,0,0,0,0,49,0,0,0,0,0,4,0,9,0,0,31,0,0,108,2,10,0,0,0,0,2,1,0,42,0,0,8,0,28,0,2,0,0,0,0,26,0,0,0,0,0,0,0,0,0,0,31,0,0,69,0,0,0,0,0,0,0,0,0,16,0,0,0,0,0,0,0,0,0,0,0,0,0,0,0,0,0,0,0,0,0,0,0,0,0,0,0,0,0,0,0,0,0,0,0,0,0,0,0,0,0,0,0,0,0,0,0,0,0,0,0,0,0
31,123,94,84,0,161,0,0,341,108,133,0,216,0,0,35,87,0,172,0,2,25,0,144,0,3,0,0,0,0,117,0,1,0,0,0,14,43,57,55,0,114,0,0,250,50,77,0,79,0,0,22,64,0,114,0,1,16,0,93,0,3,0,0,0,0,69,0,0,0,0,0,7,4,30,31,0,71,0,0,194,17,36,0,23,0,0,12,39,0,86,0,0,11,0,67,0,3,0,0,0,0,49,0,0,0,0,0,4,0,9,0,0,31,0,0,114,2,11,0,0,0,0,2,1,0,42,0,0,8,0,28,0,2,0,0,0,0,26,0,0,0,0,0,0,0,0,0,0,31,0,0,75,0,0,0,0,0,0,0,0,0,16,0,0,0,0,0,0,0,0,0,0,0,0,0,0,0,0,0,0,0,0,0,0,0,0,0,0,0,0,0,0,0,0,0,0,0,0,0,0,0,0,0,0,0,0,0,0,0,0,0,0,0,0,0
28,107,85,77,0,150,0,0,341,108,129,0,208,0,0,35,82,0,165,0,2,22,0,137,0,3,0,0,0,0,113,0,1,0,0,0,12,38,51,50,0,108,0,0,250,50,76,0,78,0,0,22,60,0,110,0,1,15,0,88,0,3,0,0,0,0,67,0,0,0,0,0,6,4,29,28,0,69,0,0,194,17,36,0,23,0,0,12,37,0,86,0,0,10,0,64,0,3,0,0,0,0,49,0,0,0,0,0,3,0,9,0,0,29,0,0,114,2,11,0,0,0,0,2,1,0,42,0,0,7,0,27,0,2,0,0,0,0,26,0,0,0,0,0,0,0,0,0,0,29,0,0,75,0,0,0,0,0,0,0,0,0,16,0,0,0,0,0,0,0,0,0,0,0,0,0,0,0,0,0,0,0,0,0,0,0,0,0,0,0,0,0,0,0,0,0,0,0,0,0,0,0,0,0,0,0,0,0,0,0,0,0,0,0,0,0
31,123,94,84,0,161,0,0,341,108,133,0,216,0,0,35,87,0,172,0,2,25,0,144,0,3,0,0,0,0,117,0,1,0,0,0,14,43,57,55,0,114,0,0,250,50,77,0,79,0,0,22,64,0,114,0,1,16,0,93,0,3,0,0,0,0,69,0,0,0,0,0,7,4,30,31,0,71,0,0,194,17,36,0,23,0,0,12,39,0,86,0,0,11,0,67,0,3,0,0,0,0,49,0,0,0,0,0,4,0,9,0,0,31,0,0,114,2,11,0,0,0,0,2,1,0,42,0,0,8,0,28,0,2,0,0,0,0,26,0,0,0,0,0,0,0,0,0,0,31,0,0,75,0,0,0,0,0,0,0,0,0,16,0,0,0,0,0,0,0,0,0,0,0,0,0,0,0,0,0,0,0,0,0,0,0,0,0,0,0,0,0,0,0,0,0,0,0,0,0,0,0,0,0,0,0,0,0,0,0,0,0,0,0,0,0
31,123,94,84,0,161,0,0,341,108,133,0,216,0,0,35,87,0,172,0,2,25,0,144,0,3,0,0,0,0,117,0,1,0,0,0,14,43,57,55,0,114,0,0,250,50,77,0,79,0,0,22,64,0,114,0,1,16,0,93,0,3,0,0,0,0,69,0,0,0,0,0,7,4,30,31,0,71,0,0,194,17,36,0,23,0,0,12,39,0,86,0,0,11,0,67,0,3,0,0,0,0,49,0,0,0,0,0,4,0,9,0,0,31,0,0,114,2,11,0,0,0,0,2,1,0,42,0,0,8,0,28,0,2,0,0,0,0,26,0,0,0,0,0,0,0,0,0,0,31,0,0,75,0,0,0,0,0,0,0,0,0,16,0,0,0,0,0,0,0,0,0,0,0,0,0,0,0,0,0,0,0,0,0,0,0,0,0,0,0,0,0,0,0,0,0,0,0,0,0,0,0,0,0,0,0,0,0,0,0,0,0,0,0,0,0
31,123,94,84,0,161,0,0,341,108,133,0,216,0,0,35,87,0,172,0,2,25,0,144,0,3,0,0,0,0,117,0,1,0,0,0,14,43,57,55,0,114,0,0,250,50,77,0,79,0,0,22,64,0,114,0,1,16,0,93,0,3,0,0,0,0,69,0,0,0,0,0,7,4,30,31,0,71,0,0,194,17,36,0,23,0,0,12,39,0,86,0,0,11,0,67,0,3,0,0,0,0,49,0,0,0,0,0,4,0,9,0,0,31,0,0,114,2,11,0,0,0,0,2,1,0,42,0,0,8,0,28,0,2,0,0,0,0,26,0,0,0,0,0,0,0,0,0,0,31,0,0,75,0,0,0,0,0,0,0,0,0,16,0,0,0,0,0,0,0,0,0,0,0,0,0,0,0,0,0,0,0,0,0,0,0,0,0,0,0,0,0,0,0,0,0,0,0,0,0,0,0,0,0,0,0,0,0,0,0,0,0,0,0,0,0
31,123,96,84,0,161,0,0,344,118,133,0,216,0,0,35,88,0,173,0,2,25,0,144,0,3,0,0,0,0,117,0,1,0,0,0,14,44,58,55,0,114,0,0,251,57,77,0,79,0,0,22,64,0,115,0,1,16,0,93,0,3,0,0,0,0,69,0,0,0,0,0,7,5,30,31,0,71,0,0,194,20,36,0,24,0,0,12,39,0,86,0,0,11,0,67,0,3,0,0,0,0,49,0,0,0,0,0,4,0,9,0,0,31,0,0,114,3,11,0,0,0,0,2,1,0,42,0,0,8,0,28,0,2,0,0,0,0,26,0,0,0,0,0,0,0,0,0,0,31,0,0,75,0,0,0,0,0,0,0,0,0,16,0,0,0,0,0,0,0,0,0,0,0,0,0,0,0,0,0,0,0,0,0,0,0,0,0,0,0,0,0,0,0,0,0,0,0,0,0,0,0,0,0,0,0,0,0,0,0,0,0,0,0,0,0
34,89,111,101,0,165,0,0,242,79,93,0,145,0,0,52,107,0,208,0,0,41,0,166,0,0,0,0,0,0,124,0,0,0,0,0,17,31,63,68,0,121,0,0,183,40,53,0,53,0,0,33,81,0,134,0,0,25,0,101,0,0,0,0,0,0,75,0,0,0,0,0,6,2,35,33,0,72,0,0,148,13,24,0,12,0,0,17,46,0,94,0,0,16,0,75,0,0,0,0,0,0,51,0,0,0,0,0,4,0,10,0,0,32,0,0,79,2,8,0,0,0,0,4,1,0,46,0,0,11,0,31,0,0,0,0,0,0,25,0,0,0,0,0,0,0,0,0,0,32,0,0,56,0,0,0,0,0,0,0,0,0,21,0,0,0,0,0,0,0,0,0,0,0,0,0,0,0,0,0,0,0,0,0,0,0,0,0,0,0,0,0,0,0,0,0,0,0,0,0,0,0,0,0,0,0,0,0,0,0,0,0,0,0,0,0
34,96,106,105,0,162,0,0,260,81,108,0,162,0,0,48,100,0,196,0,0,47,0,162,0,0,0,0,0,0,120,0,0,0,0,0,17,33,61,67,0,120,0,0,195,42,60,0,61,0,0,31,75,0,126,0,0,29,0,99,0,0,0,0,0,0,72,0,0,0,0,0,6,2,33,34,0,72,0,0,158,13,27,0,14,0,0,15,44,0,88,0,0,20,0,74,0,0,0,0,0,0,49,0,0,0,0,0,4,0,10,0,0,32,0,0,89,2,9,0,0,0,0,3,1,0,44,0,0,12,0,30,0,0,0,0,0,0,25,0,0,0,0,0,0,0,0,0,0,32,0,0,61,0,0,0,0,0,0,0,0,0,19,0,0,0,0,0,0,0,0,0,0,0,0,0,0,0,0,0,0,0,0,0,0,0,0,0,0,0,0,0,0,0,0,0,0,0,0,0,0,0,0,0,0,0,0,0,0,0,0,0,0,0,0,0
34,88,107,111,0,162,0,0,242,77,95,0,145,0,0,43,110,0,188,0,0,50,0,175,0,0,0,0,0,0,116,0,0,0,0,0,17,33,61,70,0,119,0,0,183,40,53,0,53,0,0,27,82,0,122,0,0,32,0,106,0,0,0,0,0,0,72,0,0,0,0,0,6,2,35,34,0,72,0,0,148,13,24,0,12,0,0,15,47,0,90,0,0,23,0,78,0,0,0,0,0,0,50,0,0,0,0,0,4,0,10,0,0,32,0,0,79,2,8,0,0,0,0,3,1,0,45,0,0,14,0,30,0,0,0,0,0,0,25,0,0,0,0,0,0,0,0,0,0,32,0,0,56,0,0,0,0,0,0,0,0,0,19,0,0,0,0,0,0,0,0,0,0,0,0,0,0,0,0,0,0,0,0,0,0,0,0,0,0,0,0,0,0,0,0,0,0,0,0,0,0,0,0,0,0,0,0,0,0,0,0,0,0,0,0,0
34,88,111,105,0,165,0,0,242,79,95,0,145,0,0,52,109,0,208,0,0,47,0,166,0,0,0,0,0,0,124,0,0,0,0,0,17,31,63,67,0,121,0,0,183,40,53,0,53,0,0,33,82,0,134,0,0,29,0,102,0,0,0,0,0,0,75,0,0,0,0,0,6,2,35,34,0,72,0,0,148,13,24,0,12,0,0,17,47,0,94,0,0,20,0,76,0,0,0,0,0,0,51,0,0,0,0,0,4,0,10,0,0,32,0,0,79,2,8,0,0,0,0,4,1,0,46,0,0,12,0,31,0,0,0,0,0,0,25,0,0,0,0,0,0,0,0,0,0,32,0,0,56,0,0,0,0,0,0,0,0,0,21,0,0,0,0,0,0,0,0,0,0,0,0,0,0,0,0,0,0,0,0,0,0,0,0,0,0,0,0,0,0,0,0,0,0,0,0,0,0,0,0,0,0,0,0,0,0,0,0,0,0,0,0,0
33,115,99,83,0,172,0,0,356,102,120,0,197,0,0,37,85,0,181,0,2,21,0,138,0,4,0,0,0,0,122,0,1,0,0,0,21,39,65,56,0,125,0,0,247,53,71,0,73,0,0,24,63,0,121,0,1,15,0,89,0,3,0,0,0,0,76,0,0,0,0,0,9,5,31,35,0,74,0,0,190,21,35,0,20,0,0,14,39,0,88,0,0,11,0,69,0,3,0,0,0,0,50,0,0,0,0,0,4,0,10,0,0,32,0,0,100,3,10,0,0,0,0,2,1,0,43,0,0,8,0,29,0,2,0,0,0,0,26,0,0,0,0,0,0,0,0,0,0,32,0,0,71,0,0,0,0,0,0,0,0,0,17,0,0,0,0,0,0,0,0,0,0,0,0,0,0,0,0,0,0,0,0,0,0,0,0,0,0,0,0,0,0,0,0,0,0,0,0,0,0,0,0,0,0,0,0,0,0,0,0,0,0,0,0,0
31,104,96,88,0,163,0,0,356,106,122,0,196,0,0,40,92,0,184,0,2,26,0,146,0,4,0,0,0,0,122,0,1,0,0,0,17,35,66,56,0,117,0,0,247,53,72,0,71,0,0,25,67,0,122,0,1,16,0,94,0,3,0,0,0,0,73,0,0,0,0,0,7,3,31,34,0,71,0,0,190,21,35,0,20,0,0,14,41,0,89,0,0,12,0,72,0,3,0,0,0,0,49,0,0,0,0,0,3,0,11,0,0,31,0,0,100,3,10,0,0,0,0,2,1,0,44,0,0,9,0,29,0,2,0,0,0,0,26,0,0,0,0,0,0,0,0,0,0,31,0,0,71,0,0,0,0,0,0,0,0,0,18,0,0,0,0,0,0,0,0,0,0,0,0,0,0,0,0,0,0,0,0,0,0,0,0,0,0,0,0,0,0,0,0,0,0,0,0,0,0,0,0,0,0,0,0,0,0,0,0,0,0,0,0,0
35,105,99,98,0,173,0,0,326,97,119,0,180,0,0,37,95,0,180,0,2,35,0,157,0,4,0,0,0,0,123,0,1,0,0,0,20,35,65,62,0,120,0,0,227,51,66,0,67,0,0,24,68,0,119,0,1,24,0,102,0,3,0,0,0,0,73,0,0,0,0,0,7,3,32,35,0,72,0,0,174,20,33,0,19,0,0,14,41,0,88,0,0,18,0,75,0,3,0,0,0,0,49,0,0,0,0,0,4,0,10,0,0,32,0,0,94,3,9,0,0,0,0,2,1,0,43,0,0,12,0,29,0,2,0,0,0,0,26,0,0,0,0,0,0,0,0,0,0,32,0,0,65,0,0,0,0,0,0,0,0,0,17,0,0,0,0,0,0,0,0,0,0,0,0,0,0,0,0,0,0,0,0,0,0,0,0,0,0,0,0,0,0,0,0,0,0,0,0,0,0,0,0,0,0,0,0,0,0,0,0,0,0,0,0,0
35,112,99,92,0,173,0,0,374,106,126,0,198,0,0,37,91,0,180,0,2,26,0,148,0,4,0,0,0,0,123,0,1,0,0,0,21,37,65,60,0,120,0,0,265,53,72,0,74,0,0,24,65,0,119,0,1,17,0,95,0,3,0,0,0,0,73,0,0,0,0,0,7,3,32,34,0,72,0,0,200,21,34,0,20,0,0,14,40,0,88,0,0,12,0,72,0,3,0,0,0,0,49,0,0,0,0,0,4,0,10,0,0,32,0,0,109,3,10,0,0,0,0,2,1,0,43,0,0,9,0,29,0,2,0,0,0,0,26,0,0,0,0,0,0,0,0,0,0,32,0,0,74,0,0,0,0,0,0,0,0,0,17,0,0,0,0,0,0,0,0,0,0,0,0,0,0,0,0,0,0,0,0,0,0,0,0,0,0,0,0,0,0,0,0,0,0,0,0,0,0,0,0,0,0,0,0,0,0,0,0,0,0,0,0,0
35,112,99,92,0,173,0,0,349,111,123,0,197,0,0,37,92,0,180,0,2,26,0,148,0,4,0,0,0,0,123,0,1,0,0,0,20,37,65,60,0,120,0,0,246,59,72,0,74,0,0,24,65,0,119,0,1,17,0,96,0,3,0,0,0,0,73,0,0,0,0,0,7,3,32,34,0,72,0,0,189,24,35,0,20,0,0,14,40,0,88,0,0,12,0,72,0,3,0,0,0,0,49,0,0,0,0,0,4,0,10,0,0,32,0,0,100,4,10,0,0,0,0,2,1,0,43,0,0,9,0,29,0,2,0,0,0,0,26,0,0,0,0,0,0,0,0,0,0,32,0,0,71,0,0,0,0,0,0,0,0,0,17,0,0,0,0,0,0,0,0,0,0,0,0,0,0,0,0,0,0,0,0,0,0,0,0,0,0,0,0,0,0,0,0,0,0,0,0,0,0,0,0,0,0,0,0,0,0,0,0,0,0,0,0,0
35,119,99,89,0,173,0,0,380,111,126,0,211,0,0,37,88,0,180,0,0,23,0,144,0,0,0,0,0,0,123,0,0,0,0,0,20,38,65,61,0,119,0,0,265,58,77,0,75,0,0,24,64,0,119,0,0,15,0,93,0,0,0,0,0,0,73,0,0,0,0,0,7,3,32,35,0,72,0,0,205,22,38,0,21,0,0,14,39,0,88,0,0,10,0,71,0,0,0,0,0,0,49,0,0,0,0,0,4,0,10,0,0,32,0,0,106,3,11,0,0,0,0,2,1,0,43,0,0,8,0,29,0,0,0,0,0,0,26,0,0,0,0,0,0,0,0,0,0,32,0,0,77,0,0,0,0,0,0,0,0,0,17,0,0,0,0,0,0,0,0,0,0,0,0,0,0,0,0,0,0,0,0,0,0,0,0,0,0,0,0,0,0,0,0,0,0,0,0,0,0,0,0,0,0,0,0,0,0,0,0,0,0,0,0,0
35,108,99,96,0,173,0,0,356,102,120,0,194,0,0,37,94,0,180,0,0,31,0,155,0,0,0,0,0,0,123,0,0,0,0,0,20,36,65,63,0,119,0,0,247,53,72,0,70,0,0,24,66,0,119,0,0,21,0,100,0,0,0,0,0,0,73,0,0,0,0,0,7,3,32,36,0,72,0,0,190,21,35,0,20,0,0,14,40,0,88,0,0,15,0,74,0,0,0,0,0,0,49,0,0,0,0,0,4,0,10,0,0,32,0,0,100,3,10,0,0,0,0,2,1,0,43,0,0,11,0,29,0,0,0,0,0,0,26,0,0,0,0,0,0,0,0,0,0,32,0,0,71,0,0,0,0,0,0,0,0,0,17,0,0,0,0,0,0,0,0,0,0,0,0,0,0,0,0,0,0,0,0,0,0,0,0,0,0,0,0,0,0,0,0,0,0,0,0,0,0,0,0,0,0,0,0,0,0,0,0,0,0,0,0,0
35,108,99,95,0,173,0,0,356,102,120,0,194,0,0,37,92,0,180,0,0,29,0,153,0,0,0,0,0,0,123,0,0,0,0,0,20,36,65,63,0,119,0,0,247,53,72,0,70,0,0,24,66,0,119,0,0,18,0,99,0,0,0,0,0,0,73,0,0,0,0,0,7,3,32,36,0,72,0,0,190,21,35,0,20,0,0,14,40,0,88,0,0,13,0,74,0,0,0,0,0,0,49,0,0,0,0,0,4,0,10,0,0,32,0,0,100,3,10,0,0,0,0,2,1,0,43,0,0,10,0,29,0,0,0,0,0,0,26,0,0,0,0,0,0,0,0,0,0,32,0,0,71,0,0,0,0,0,0,0,0,0,17,0,0,0,0,0,0,0,0,0,0,0,0,0,0,0,0,0,0,0,0,0,0,0,0,0,0,0,0,0,0,0,0,0,0,0,0,0,0,0,0,0,0,0,0,0,0,0,0,0,0,0,0,0
34,102,99,87,0,173,0,0,356,102,120,0,193,0,0,37,87,0,176,0,2,23,0,143,0,4,0,0,0,0,122,0,1,0,0,0,19,37,64,58,0,119,0,0,247,53,71,0,70,0,0,24,61,0,118,0,1,16,0,91,0,3,0,0,0,0,72,0,0,0,0,0,7,4,31,34,0,73,0,0,190,21,35,0,20,0,0,14,38,0,87,0,0,11,0,70,0,3,0,0,0,0,50,0,0,0,0,0,4,0,10,0,0,32,0,0,100,3,10,0,0,0,0,2,1,0,43,0,0,8,0,29,0,2,0,0,0,0,26,0,0,0,0,0,0,0,0,0,0,32,0,0,71,0,0,0,0,0,0,0,0,0,17,0,0,0,0,0,0,0,0,0,0,0,0,0,0,0,0,0,0,0,0,0,0,0,0,0,0,0,0,0,0,0,0,0,0,0,0,0,0,0,0,0,0,0,0,0,0,0,0,0,0,0,0,0
33,99,97,88,0,170,0,0,356,111,124,0,196,0,0,42,93,0,181,0,2,26,0,147,0,4,0,0,0,0,122,0,1,0,0,0,19,34,63,58,0,115,0,0,247,56,72,0,72,0,0,25,66,0,121,0,1,18,0,94,0,3,0,0,0,0,71,0,0,0,0,0,7,3,32,34,0,71,0,0,190,21,35,0,20,0,0,15,39,0,88,0,0,12,0,72,0,3,0,0,0,0,49,0,0,0,0,0,3,0,11,0,0,31,0,0,100,3,10,0,0,0,0,2,1,0,44,0,0,9,0,29,0,2,0,0,0,0,26,0,0,0,0,0,0,0,0,0,0,31,0,0,71,0,0,0,0,0,0,0,0,0,18,0,0,0,0,0,0,0,0,0,0,0,0,0,0,0,0,0,0,0,0,0,0,0,0,0,0,0,0,0,0,0,0,0,0,0,0,0,0,0,0,0,0,0,0,0,0,0,0,0,0,0,0,0
35,108,99,92,0,173,0,0,356,102,122,0,194,0,0,37,91,0,180,0,2,26,0,147,0,4,0,0,0,0,123,0,1,0,0,0,20,36,65,60,0,119,0,0,247,53,72,0,70,0,0,24,65,0,119,0,1,17,0,95,0,3,0,0,0,0,73,0,0,0,0,0,7,3,32,35,0,72,0,0,190,21,35,0,20,0,0,14,40,0,88,0,0,12,0,72,0,3,0,0,0,0,49,0,0,0,0,0,4,0,10,0,0,32,0,0,100,3,10,0,0,0,0,2,1,0,43,0,0,9,0,29,0,2,0,0,0,0,26,0,0,0,0,0,0,0,0,0,0,32,0,0,71,0,0,0,0,0,0,0,0,0,17,0,0,0,0,0,0,0,0,0,0,0,0,0,0,0,0,0,0,0,0,0,0,0,0,0,0,0,0,0,0,0,0,0,0,0,0,0,0,0,0,0,0,0,0,0,0,0,0,0,0,0,0,0
26,120,92,87,0,158,0,0,293,117,120,0,199,0,6,35,82,0,158,0,3,25,0,146,0,3,0,0,0,0,110,0,1,0,0,0,14,50,57,58,0,108,0,0,230,52,66,0,72,0,3,19,62,0,107,0,2,16,0,93,0,3,0,0,0,0,67,0,0,0,0,0,6,7,30,35,0,71,0,0,179,17,32,0,18,0,1,9,42,0,83,0,0,9,0,69,0,3,0,0,0,0,47,0,0,0,0,0,3,0,11,0,0,31,0,0,108,2,10,0,0,0,0,2,0,0,40,0,0,7,0,30,0,2,0,0,0,0,25,0,0,0,0,0,0,0,0,0,0,31,0,0,69,0,0,0,0,0,0,0,0,0,15,0,0,0,0,0,0,0,0,0,0,0,0,0,0,0,0,0,0,0,0,0,0,0,0,0,0,0,0,0,0,0,0,0,0,0,0,0,0,0,0,0,0,0,0,0,0,0,0,0,0,0,0,0
28,122,99,93,0,166,0,0,293,120,121,0,202,0,6,40,91,0,169,0,3,31,0,160,0,3,0,0,0,0,118,0,1,0,0,0,14,50,60,62,0,111,0,0,230,53,67,0,73,0,3,21,68,0,112,0,2,18,0,101,0,3,0,0,0,0,68,0,0,0,0,0,6,7,31,38,0,72,0,0,179,17,32,0,18,0,1,10,45,0,84,0,0,10,0,72,0,3,0,0,0,0,47,0,0,0,0,0,3,0,12,0,0,32,0,0,108,2,10,0,0,0,0,2,0,0,41,0,0,8,0,31,0,2,0,0,0,0,25,0,0,0,0,0,0,0,0,0,0,32,0,0,69,0,0,0,0,0,0,0,0,0,16,0,0,0,0,0,0,0,0,0,0,0,0,0,0,0,0,0,0,0,0,0,0,0,0,0,0,0,0,0,0,0,0,0,0,0,0,0,0,0,0,0,0,0,0,0,0,0,0,0,0,0,0,0
33,124,103,94,0,173,0,0,293,122,112,0,203,0,0,43,86,0,182,0,0,26,0,157,0,0,0,0,0,0,123,0,0,0,0,0,15,51,62,66,0,116,0,0,230,53,64,0,73,0,0,25,64,0,118,0,0,16,0,101,0,0,0,0,0,0,71,0,0,0,0,0,7,7,33,39,0,73,0,0,179,17,32,0,18,0,0,10,45,0,87,0,0,8,0,72,0,0,0,0,0,0,47,0,0,0,0,0,4,0,11,0,0,33,0,0,108,2,10,0,0,0,0,3,0,0,42,0,0,7,0,32,0,0,0,0,0,0,25,0,0,0,0,0,0,0,0,0,0,33,0,0,69,0,0,0,0,0,0,0,0,0,17,0,0,0,0,0,0,0,0,0,0,0,0,0,0,0,0,0,0,0,0,0,0,0,0,0,0,0,0,0,0,0,0,0,0,0,0,0,0,0,0,0,0,0,0,0,0,0,0,0,0,0,0,0
32,120,100,96,0,170,0,0,293,117,118,0,200,0,6,35,84,0,163,0,3,27,0,157,0,3,0,0,0,0,118,0,1,0,0,0,15,51,58,65,0,117,0,0,230,52,67,0,72,0,3,19,63,0,110,0,2,17,0,99,0,3,0,0,0,0,69,0,0,0,0,0,7,7,33,38,0,74,0,0,179,17,32,0,18,0,1,9,43,0,83,0,0,9,0,70,0,3,0,0,0,0,48,0,0,0,0,0,4,0,11,0,0,33,0,0,108,2,10,0,0,0,0,2,0,0,40,0,0,7,0,31,0,2,0,0,0,0,25,0,0,0,0,0,0,0,0,0,0,33,0,0,69,0,0,0,0,0,0,0,0,0,15,0,0,0,0,0,0,0,0,0,0,0,0,0,0,0,0,0,0,0,0,0,0,0,0,0,0,0,0,0,0,0,0,0,0,0,0,0,0,0,0,0,0,0,0,0,0,0,0,0,0,0,0,0
31,115,98,95,0,167,0,0,293,128,124,0,202,0,6,38,91,0,167,0,3,30,0,161,0,3,0,0,0,0,118,0,1,0,0,0,15,47,58,64,0,113,0,0,230,57,68,0,73,0,3,20,69,0,111,0,2,17,0,102,0,3,0,0,0,0,68,0,0,0,0,0,6,7,34,37,0,72,0,0,179,18,32,0,18,0,1,10,44,0,84,0,0,10,0,72,0,3,0,0,0,0,47,0,0,0,0,0,3,0,12,0,0,32,0,0,108,2,10,0,0,0,0,2,0,0,41,0,0,8,0,31,0,2,0,0,0,0,25,0,0,0,0,0,0,0,0,0,0,32,0,0,69,0,0,0,0,0,0,0,0,0,16,0,0,0,0,0,0,0,0,0,0,0,0,0,0,0,0,0,0,0,0,0,0,0,0,0,0,0,0,0,0,0,0,0,0,0,0,0,0,0,0,0,0,0,0,0,0,0,0,0,0,0,0,0
26,121,83,72,0,145,0,0,330,111,127,0,215,0,0,36,81,0,164,0,3,23,0,130,0,5,0,0,0,0,110,0,2,0,0,0,12,47,55,48,0,108,0,0,247,52,77,0,81,0,0,22,57,0,111,0,0,14,0,85,0,3,0,0,0,0,68,0,0,0,0,0,6,4,27,27,0,68,0,0,194,18,37,0,23,0,0,13,38,0,87,0,0,10,0,64,0,3,0,0,0,0,49,0,0,0,0,0,3,0,9,0,0,29,0,0,114,2,11,0,0,0,0,2,1,0,42,0,0,7,0,27,0,2,0,0,0,0,26,0,0,0,0,0,0,0,0,0,0,29,0,0,75,0,0,0,0,0,0,0,0,0,16,0,0,0,0,0,0,0,0,0,0,0,0,0,0,0,0,0,0,0,0,0,0,0,0,0,0,0,0,0,0,0,0,0,0,0,0,0,0,0,0,0,0,0,0,0,0,0,0,0,0,0,0,0
32,119,92,82,0,159,0,0,307,100,117,0,195,0,0,36,87,0,170,0,3,26,0,143,0,5,0,0,0,0,117,0,2,0,0,0,14,45,57,56,0,113,0,0,230,48,69,0,72,0,0,22,62,0,114,0,0,16,0,93,0,3,0,0,0,0,69,0,0,0,0,0,7,3,31,30,0,70,0,0,179,16,33,0,20,0,0,13,40,0,87,0,0,11,0,67,0,3,0,0,0,0,49,0,0,0,0,0,4,0,9,0,0,31,0,0,108,2,10,0,0,0,0,2,1,0,42,0,0,8,0,28,0,2,0,0,0,0,26,0,0,0,0,0,0,0,0,0,0,31,0,0,69,0,0,0,0,0,0,0,0,0,16,0,0,0,0,0,0,0,0,0,0,0,0,0,0,0,0,0,0,0,0,0,0,0,0,0,0,0,0,0,0,0,0,0,0,0,0,0,0,0,0,0,0,0,0,0,0,0,0,0,0,0,0,0
32,127,92,82,0,159,0,0,330,111,129,0,217,0,0,36,87,0,170,0,3,26,0,143,0,5,0,0,0,0,117,0,2,0,0,0,14,48,57,56,0,113,0,0,247,52,77,0,81,0,0,22,62,0,114,0,0,16,0,94,0,3,0,0,0,0,69,0,0,0,0,0,7,4,31,30,0,70,0,0,194,18,37,0,23,0,0,13,40,0,87,0,0,11,0,67,0,3,0,0,0,0,49,0,0,0,0,0,4,0,9,0,0,31,0,0,114,2,11,0,0,0,0,2,1,0,42,0,0,8,0,28,0,2,0,0,0,0,26,0,0,0,0,0,0,0,0,0,0,31,0,0,75,0,0,0,0,0,0,0,0,0,16,0,0,0,0,0,0,0,0,0,0,0,0,0,0,0,0,0,0,0,0,0,0,0,0,0,0,0,0,0,0,0,0,0,0,0,0,0,0,0,0,0,0,0,0,0,0,0,0,0,0,0,0,0
32,127,92,82,0,159,0,0,330,111,129,0,217,0,0,36,87,0,170,0,3,26,0,143,0,5,0,0,0,0,117,0,2,0,0,0,14,48,57,56,0,113,0,0,247,52,77,0,81,0,0,22,62,0,114,0,0,16,0,94,0,3,0,0,0,0,69,0,0,0,0,0,7,4,31,30,0,70,0,0,194,18,37,0,23,0,0,13,40,0,87,0,0,11,0,67,0,3,0,0,0,0,49,0,0,0,0,0,4,0,9,0,0,31,0,0,114,2,11,0,0,0,0,2,1,0,42,0,0,8,0,28,0,2,0,0,0,0,26,0,0,0,0,0,0,0,0,0,0,31,0,0,75,0,0,0,0,0,0,0,0,0,16,0,0,0,0,0,0,0,0,0,0,0,0,0,0,0,0,0,0,0,0,0,0,0,0,0,0,0,0,0,0,0,0,0,0,0,0,0,0,0,0,0,0,0,0,0,0,0,0,0,0,0,0,0
29,111,83,75,0,149,0,0,330,111,125,0,209,0,0,35,82,0,163,0,3,23,0,137,0,5,0,0,0,0,113,0,2,0,0,0,12,41,50,52,0,107,0,0,247,52,76,0,79,0,0,22,59,0,110,0,0,15,0,89,0,3,0,0,0,0,67,0,0,0,0,0,6,4,30,27,0,68,0,0,194,18,37,0,23,0,0,13,38,0,87,0,0,10,0,64,0,3,0,0,0,0,49,0,0,0,0,0,3,0,9,0,0,29,0,0,114,2,11,0,0,0,0,2,1,0,42,0,0,7,0,27,0,2,0,0,0,0,26,0,0,0,0,0,0,0,0,0,0,29,0,0,75,0,0,0,0,0,0,0,0,0,16,0,0,0,0,0,0,0,0,0,0,0,0,0,0,0,0,0,0,0,0,0,0,0,0,0,0,0,0,0,0,0,0,0,0,0,0,0,0,0,0,0,0,0,0,0,0,0,0,0,0,0,0,0
32,127,92,82,0,159,0,0,330,111,129,0,217,0,0,36,87,0,170,0,3,26,0,143,0,5,0,0,0,0,117,0,2,0,0,0,14,48,57,56,0,113,0,0,247,52,77,0,81,0,0,22,62,0,114,0,0,16,0,94,0,3,0,0,0,0,69,0,0,0,0,0,7,4,31,30,0,70,0,0,194,18,37,0,23,0,0,13,40,0,87,0,0,11,0,67,0,3,0,0,0,0,49,0,0,0,0,0,4,0,9,0,0,31,0,0,114,2,11,0,0,0,0,2,1,0,42,0,0,8,0,28,0,2,0,0,0,0,26,0,0,0,0,0,0,0,0,0,0,31,0,0,75,0,0,0,0,0,0,0,0,0,16,0,0,0,0,0,0,0,0,0,0,0,0,0,0,0,0,0,0,0,0,0,0,0,0,0,0,0,0,0,0,0,0,0,0,0,0,0,0,0,0,0,0,0,0,0,0,0,0,0,0,0,0,0
32,127,94,82,0,159,0,0,334,121,129,0,217,0,0,36,88,0,171,0,3,26,0,143,0,5,0,0,0,0,117,0,2,0,0,0,14,50,58,56,0,112,0,0,248,60,77,0,81,0,0,22,62,0,115,0,0,16,0,94,0,3,0,0,0,0,69,0,0,0,0,0,7,4,31,30,0,70,0,0,194,20,37,0,24,0,0,13,40,0,87,0,0,11,0,67,0,3,0,0,0,0,49,0,0,0,0,0,4,0,9,0,0,31,0,0,114,3,11,0,0,0,0,2,1,0,42,0,0,8,0,28,0,2,0,0,0,0,26,0,0,0,0,0,0,0,0,0,0,31,0,0,75,0,0,0,0,0,0,0,0,0,16,0,0,0,0,0,0,0,0,0,0,0,0,0,0,0,0,0,0,0,0,0,0,0,0,0,0,0,0,0,0,0,0,0,0,0,0,0,0,0,0,0,0,0,0,0,0,0,0,0,0,0,0,0
24,108,92,74,0,147,0,1,326,116,133,0,207,0,0,40,89,0,181,0,3,31,0,138,0,4,0,0,0,0,115,0,2,0,0,0,13,43,54,52,0,107,0,0,257,52,76,0,77,0,0,25,63,0,120,0,1,16,0,85,0,4,0,0,0,0,73,0,0,0,0,0,6,6,32,26,0,67,0,0,200,17,34,0,20,0,0,13,42,0,92,0,0,9,0,67,0,3,0,0,0,0,49,0,0,0,0,0,3,0,9,0,0,29,0,0,109,2,10,0,0,0,0,4,0,0,43,0,0,6,0,29,0,2,0,0,0,0,26,0,0,0,0,0,0,0,0,0,0,29,0,0,74,0,0,0,0,0,0,0,0,0,17,0,0,0,0,0,0,0,0,0,0,0,0,0,0,0,0,0,0,0,0,0,0,0,0,0,0,0,0,0,0,0,0,0,0,0,0,0,0,0,0,0,0,0,0,0,0,0,0,0,0,0,0,0
23,107,90,88,0,147,0,0,309,117,128,0,188,0,0,34,88,0,165,0,0,47,0,168,0,0,0,0,0,0,106,0,0,0,0,0,10,40,58,59,0,100,0,0,243,53,66,0,76,0,0,22,62,0,108,0,0,30,0,101,0,0,0,0,0,0,66,0,0,0,0,0,4,6,27,26,0,65,0,0,187,16,30,0,20,0,0,9,43,0,81,0,0,23,0,73,0,0,0,0,0,0,44,0,0,0,0,0,3,0,9,0,0,29,0,0,103,3,9,0,0,0,0,3,1,0,40,0,0,14,0,29,0,0,0,0,0,0,24,0,0,0,0,0,0,0,0,0,0,29,0,0,68,0,0,0,0,0,0,0,0,0,15,0,0,0,0,0,0,0,0,0,0,0,0,0,0,0,0,0,0,0,0,0,0,0,0,0,0,0,0,0,0,0,0,0,0,0,0,0,0,0,0,0,0,0,0,0,0,0,0,0,0,0,0,0
34,120,91,73,0,162,0,0,372,95,152,0,202,0,4,31,68,0,159,0,1,22,0,133,0,3,0,0,0,0,120,0,2,0,0,0,15,46,53,56,0,119,0,0,268,44,87,0,75,0,0,21,49,0,111,0,1,10,0,79,0,3,0,0,0,0,73,0,1,0,0,0,6,6,32,28,0,73,0,0,205,13,36,0,21,0,0,10,35,0,86,0,0,5,0,61,0,3,0,0,0,0,49,0,0,0,0,0,4,0,9,0,0,31,0,0,123,1,11,0,0,0,0,2,0,0,39,0,0,4,0,29,0,2,0,0,0,0,26,0,0,0,0,0,0,0,0,0,0,31,0,0,78,0,0,0,0,0,0,0,0,0,13,0,0,0,0,0,0,0,0,0,0,0,0,0,0,0,0,0,0,0,0,0,0,0,0,0,0,0,0,0,0,0,0,0,0,0,0,0,0,0,0,0,0,0,0,0,0,0,0,0,0,0,0,0
33,119,91,85,0,155,0,0,372,95,172,0,195,0,0,31,74,0,158,0,0,35,0,143,0,0,0,0,0,0,115,0,0,0,0,0,15,46,53,60,0,117,0,0,268,44,99,0,73,0,0,21,53,0,110,0,0,19,0,86,0,0,0,0,0,0,71,0,0,0,0,0,6,6,32,29,0,72,0,0,205,13,36,0,21,0,0,10,36,0,86,0,0,12,0,63,0,0,0,0,0,0,48,0,0,0,0,0,4,0,9,0,0,31,0,0,123,1,11,0,0,0,0,2,0,0,39,0,0,8,0,28,0,0,0,0,0,0,26,0,0,0,0,0,0,0,0,0,0,31,0,0,78,0,0,0,0,0,0,0,0,0,13,0,0,0,0,0,0,0,0,0,0,0,0,0,0,0,0,0,0,0,0,0,0,0,0,0,0,0,0,0,0,0,0,0,0,0,0,0,0,0,0,0,0,0,0,0,0,0,0,0,0,0,0,0
25,113,92,73,0,144,0,0,372,99,168,0,195,0,4,38,79,0,170,0,1,31,0,141,0,3,0,0,0,0,114,0,2,0,0,0,12,45,55,54,0,111,0,0,268,44,96,0,73,0,0,23,57,0,118,0,1,17,0,82,0,3,0,0,0,0,71,0,1,0,0,0,4,6,31,26,0,69,0,0,205,13,36,0,21,0,0,12,39,0,88,0,0,8,0,63,0,3,0,0,0,0,48,0,0,0,0,0,3,0,9,0,0,29,0,0,123,1,11,0,0,0,0,3,0,0,41,0,0,6,0,28,0,2,0,0,0,0,26,0,0,0,0,0,0,0,0,0,0,29,0,0,78,0,0,0,0,0,0,0,0,0,15,0,0,0,0,0,0,0,0,0,0,0,0,0,0,0,0,0,0,0,0,0,0,0,0,0,0,0,0,0,0,0,0,0,0,0,0,0,0,0,0,0,0,0,0,0,0,0,0,0,0,0,0,0
37,121,95,88,0,171,0,0,336,86,159,0,184,0,4,31,71,0,160,0,1,31,0,142,0,3,0,0,0,0,121,0,2,0,0,0,18,46,56,63,0,123,0,0,251,40,89,0,68,0,0,21,51,0,111,0,1,17,0,85,0,3,0,0,0,0,74,0,1,0,0,0,7,6,32,31,0,75,0,0,195,12,33,0,20,0,0,10,36,0,86,0,0,8,0,64,0,3,0,0,0,0,49,0,0,0,0,0,5,0,9,0,0,33,0,0,113,1,10,0,0,0,0,2,0,0,39,0,0,6,0,29,0,2,0,0,0,0,26,0,0,0,0,0,0,0,0,0,0,33,0,0,73,0,0,0,0,0,0,0,0,0,13,0,0,0,0,0,0,0,0,0,0,0,0,0,0,0,0,0,0,0,0,0,0,0,0,0,0,0,0,0,0,0,0,0,0,0,0,0,0,0,0,0,0,0,0,0,0,0,0,0,0,0,0,0
33,120,91,83,0,155,0,0,372,95,168,0,196,0,4,31,70,0,158,0,1,31,0,140,0,3,0,0,0,0,115,0,2,0,0,0,15,46,53,60,0,117,0,0,268,44,96,0,73,0,0,21,51,0,110,0,1,17,0,83,0,3,0,0,0,0,71,0,1,0,0,0,6,6,32,29,0,72,0,0,205,13,36,0,21,0,0,10,36,0,86,0,0,8,0,63,0,3,0,0,0,0,48,0,0,0,0,0,4,0,9,0,0,31,0,0,123,1,11,0,0,0,0,2,0,0,39,0,0,6,0,28,0,2,0,0,0,0,26,0,0,0,0,0,0,0,0,0,0,31,0,0,78,0,0,0,0,0,0,0,0,0,13,0,0,0,0,0,0,0,0,0,0,0,0,0,0,0,0,0,0,0,0,0,0,0,0,0,0,0,0,0,0,0,0,0,0,0,0,0,0,0,0,0,0,0,0,0,0,0,0,0,0,0,0,0
35,85,100,109,0,160,0,0,240,77,93,0,126,0,0,38,107,0,181,0,0,50,0,173,0,0,0,0,0,0,115,0,0,0,0,0,15,27,57,70,0,118,0,0,182,39,54,0,54,0,0,26,81,0,115,0,0,31,0,103,0,0,0,0,0,0,70,0,0,0,0,0,4,1,35,31,0,72,0,0,148,12,24,0,14,0,0,14,41,0,88,0,0,22,0,76,0,0,0,0,0,0,48,0,0,0,0,0,4,0,10,0,0,32,0,0,79,2,8,0,0,0,0,4,1,0,44,0,0,14,0,30,0,0,0,0,0,0,25,0,0,0,0,0,0,0,0,0,0,32,0,0,35,2,0,0,0,0,0,0,0,0,19,0,0,0,0,0,0,0,0,0,0,0,0,0,0,0,0,0,0,0,0,0,0,0,0,0,0,0,0,0,0,0,0,0,0,0,0,0,0,0,0,0,0,0,0,0,0,0,0,0,0,0,0,0
26,100,82,72,0,136,0,0,281,103,120,0,184,0,0,35,69,0,159,0,0,31,0,131,0,0,0,0,0,0,105,0,0,0,0,0,10,34,48,52,0,102,0,0,212,48,69,0,76,0,0,20,54,0,102,0,0,15,0,84,0,0,0,0,0,0,63,0,0,0,0,0,4,1,29,28,0,63,0,0,170,13,27,0,15,0,0,10,33,0,77,0,0,12,0,65,0,0,0,0,0,0,43,0,0,0,0,0,3,0,8,0,0,28,0,0,94,2,9,0,0,0,0,3,0,0,38,0,0,8,0,28,0,0,0,0,0,0,23,0,0,0,0,0,0,0,0,0,0,28,0,0,32,2,0,0,0,0,0,0,0,0,16,0,0,0,0,0,0,0,0,0,0,0,0,0,0,0,0,0,0,0,0,0,0,0,0,0,0,0,0,0,0,0,0,0,0,0,0,0,0,0,0,0,0,0,0,0,0,0,0,0,0,0,0,0
24,117,78,78,0,129,0,0,319,110,135,0,203,0,0,31,73,0,149,0,0,33,0,144,0,0,0,0,0,0,106,0,0,0,0,0,11,42,43,56,0,93,0,0,230,53,76,0,80,0,0,16,55,0,99,0,0,18,0,91,0,0,0,0,0,0,62,0,0,0,0,0,4,3,29,24,0,64,0,0,184,14,30,0,16,0,0,8,34,0,75,0,0,12,0,66,0,0,0,0,0,0,42,0,0,0,0,0,3,0,8,0,0,29,0,0,103,3,10,0,0,0,0,2,0,0,36,0,0,8,0,28,0,0,0,0,0,0,23,0,0,0,0,0,0,0,0,0,0,28,0,0,41,2,0,0,0,0,0,0,0,0,13,0,0,0,0,0,0,0,0,0,0,0,0,0,0,0,0,0,0,0,0,0,0,0,0,0,0,0,0,0,0,0,0,0,0,0,0,0,0,0,0,0,0,0,0,0,0,0,0,0,0,0,0,0
35,82,106,100,0,163,0,0,240,78,88,0,128,0,0,45,103,0,200,0,0,42,0,161,0,0,0,0,0,0,125,0,0,0,0,0,14,27,58,67,0,123,0,0,182,39,54,0,54,0,0,32,80,0,126,0,0,26,0,96,0,0,0,0,0,0,74,0,0,0,0,0,4,0,34,29,0,73,0,0,148,12,24,0,14,0,0,16,41,0,92,0,0,18,0,72,0,0,0,0,0,0,50,0,0,0,0,0,4,0,10,0,0,32,0,0,79,2,8,0,0,0,0,5,1,0,46,0,0,11,0,31,0,0,0,0,0,0,25,0,0,0,0,0,0,0,0,0,0,32,0,0,35,2,0,0,0,0,0,0,0,0,21,0,0,0,0,0,0,0,0,0,0,0,0,0,0,0,0,0,0,0,0,0,0,0,0,0,0,0,0,0,0,0,0,0,0,0,0,0,0,0,0,0,0,0,0,0,0,0,0,0,0,0,0,0
32,80,104,100,0,158,0,0,240,86,94,0,127,0,0,49,111,0,204,0,0,45,0,165,0,0,0,0,0,0,124,0,0,0,0,0,13,27,56,68,0,118,0,0,182,40,54,0,55,0,0,34,86,0,127,0,0,28,0,98,0,0,0,0,0,0,73,0,0,0,0,0,3,1,34,28,0,71,0,0,148,12,24,0,14,0,0,16,44,0,93,0,0,19,0,76,0,0,0,0,0,0,49,0,0,0,0,0,3,0,11,0,0,31,0,0,79,2,8,0,0,0,0,5,1,0,47,0,0,12,0,31,0,0,0,0,0,0,25,0,0,0,0,0,0,0,0,0,0,31,0,0,35,2,0,0,0,0,0,0,0,0,22,0,0,0,0,0,0,0,0,0,0,0,0,0,0,0,0,0,0,0,0,0,0,0,0,0,0,0,0,0,0,0,0,0,0,0,0,0,0,0,0,0,0,0,0,0,0,0,0,0,0,0,0,0
32,85,106,98,0,162,0,0,253,81,96,0,136,0,0,52,117,0,207,0,0,44,0,170,0,0,0,0,0,0,125,0,0,0,0,0,14,29,58,65,0,120,0,0,183,40,54,0,57,0,0,34,86,0,128,0,0,29,0,102,0,0,0,0,0,0,73,0,0,0,0,0,4,1,35,26,0,69,0,0,148,12,24,0,15,0,0,17,43,0,93,0,0,19,0,75,0,0,0,0,0,0,49,0,0,0,0,0,3,0,11,0,0,31,0,0,79,2,8,0,0,0,0,4,1,0,47,0,0,12,0,31,0,0,0,0,0,0,25,0,0,0,0,0,0,0,0,0,0,31,0,0,36,2,0,0,0,0,0,0,0,0,22,0,0,0,0,0,0,0,0,0,0,0,0,0,0,0,0,0,0,0,0,0,0,0,0,0,0,0,0,0,0,0,0,0,0,0,0,0,0,0,0,0,0,0,0,0,0,0,0,0,0,0,0,0
35,85,103,100,0,165,0,0,240,78,90,0,127,0,0,45,102,0,201,0,0,39,0,156,0,0,0,0,0,0,125,0,0,0,0,0,17,28,63,63,0,125,0,0,182,39,54,0,54,0,0,32,77,0,125,0,0,26,0,97,0,0,0,0,0,0,75,0,0,0,0,0,7,0,34,30,0,74,0,0,148,12,24,0,14,0,0,16,40,0,93,0,0,18,0,71,0,0,0,0,0,0,50,0,0,0,0,0,4,0,10,0,0,32,0,0,79,2,8,0,0,0,0,5,1,0,46,0,0,11,0,31,0,0,0,0,0,0,25,0,0,0,0,0,0,0,0,0,0,32,0,0,35,2,0,0,0,0,0,0,0,0,21,0,0,0,0,0,0,0,0,0,0,0,0,0,0,0,0,0,0,0,0,0,0,0,0,0,0,0,0,0,0,0,0,0,0,0,0,0,0,0,0,0,0,0,0,0,0,0,0,0,0,0,0,0
28,81,94,88,0,150,0,0,240,78,92,0,125,0,0,45,102,0,196,0,0,39,0,153,0,0,0,0,0,0,118,0,0,0,0,0,13,26,57,59,0,114,0,0,182,39,54,0,54,0,0,32,77,0,122,0,0,26,0,94,0,0,0,0,0,0,72,0,0,0,0,0,4,0,31,27,0,70,0,0,148,12,24,0,14,0,0,16,40,0,92,0,0,18,0,70,0,0,0,0,0,0,49,0,0,0,0,0,3,0,10,0,0,30,0,0,79,2,8,0,0,0,0,5,1,0,46,0,0,11,0,30,0,0,0,0,0,0,25,0,0,0,0,0,0,0,0,0,0,30,0,0,35,2,0,0,0,0,0,0,0,0,21,0,0,0,0,0,0,0,0,0,0,0,0,0,0,0,0,0,0,0,0,0,0,0,0,0,0,0,0,0,0,0,0,0,0,0,0,0,0,0,0,0,0,0,0,0,0,0,0,0,0,0,0,0
25,105,85,73,0,142,0,0,302,106,132,0,180,0,0,43,82,0,186,0,0,31,0,137,0,0,0,0,0,0,117,0,0,0,0,0,11,41,53,50,0,104,0,0,225,51,72,0,73,0,0,24,60,0,119,0,0,15,0,85,0,0,0,0,0,0,73,0,0,0,0,0,4,4,29,24,0,62,0,0,170,14,27,0,18,0,0,14,31,0,89,0,0,12,0,62,0,0,0,0,0,0,50,0,0,0,0,0,3,0,9,0,0,29,0,0,98,2,9,0,0,0,0,3,0,0,41,0,0,8,0,26,0,0,0,0,0,0,26,0,0,0,0,0,0,0,0,0,0,28,0,0,54,2,0,0,0,0,0,0,0,0,15,0,0,0,0,0,0,0,0,0,0,0,0,0,0,0,0,0,0,0,0,0,0,1,0,0,0,0,0,0,0,0,0,0,0,0,0,0,0,0,0,0,0,0,0,0,0,0,0,0,0,0,0,0
25,116,77,80,0,139,0,1,318,105,156,0,193,0,6,30,76,0,146,0,1,38,0,145,0,3,0,0,0,0,101,0,2,0,0,0,13,41,46,55,0,103,0,0,236,54,88,0,80,0,0,17,56,0,96,0,0,23,0,91,0,3,0,0,0,0,64,0,2,0,0,0,5,3,29,26,0,66,0,0,185,15,30,0,20,0,0,10,31,0,75,0,0,18,0,69,0,3,0,0,0,0,41,0,0,0,0,0,4,0,9,1,0,30,0,0,103,3,10,0,0,0,0,2,0,0,36,0,0,11,0,28,0,2,0,0,0,0,23,0,0,0,0,0,0,0,0,0,0,30,0,0,51,3,0,0,0,0,0,0,0,0,14,0,0,0,0,0,0,0,0,0,0,0,0,0,0,0,0,0,0,0,0,0,0,0,0,0,0,0,0,0,0,0,0,0,0,0,0,0,0,0,0,0,0,0,0,0,0,0,0,0,0,0,0,0
29,116,81,89,0,145,0,1,315,108,155,0,195,0,6,34,85,0,152,0,1,42,0,158,0,3,0,0,0,0,106,0,2,0,0,0,15,41,47,65,0,106,0,0,233,57,87,0,81,0,0,18,63,0,96,0,0,25,0,97,0,3,0,0,0,0,64,0,2,0,0,0,6,3,30,30,0,67,0,0,185,16,30,0,19,0,0,9,34,0,75,0,0,19,0,76,0,3,0,0,0,0,41,0,0,0,0,0,4,0,9,1,0,31,0,0,103,3,10,0,0,0,0,1,0,0,37,0,0,12,0,30,0,2,0,0,0,0,23,0,0,0,0,0,0,0,0,0,0,31,0,0,54,2,0,0,0,0,0,0,0,0,14,0,0,0,0,0,0,0,0,0,0,0,0,0,0,0,0,0,0,0,0,0,0,0,0,0,0,0,0,0,0,0,0,0,0,0,0,0,0,0,0,0,0,0,0,0,0,0,0,0,0,0,0,0
29,106,94,91,0,156,0,1,303,97,124,0,172,0,7,46,97,0,185,0,2,53,0,164,0,15,0,0,0,0,118,0,6,0,0,1,16,39,56,57,0,123,0,0,225,47,68,0,68,0,1,26,67,0,118,0,0,41,0,106,0,13,0,0,0,0,76,0,4,0,0,1,7,3,29,31,0,74,0,0,174,13,27,0,15,0,0,13,40,0,87,0,0,31,0,82,0,12,0,0,0,0,53,0,0,0,0,1,4,0,9,0,0,31,0,0,94,2,9,0,0,0,0,4,0,0,43,0,0,18,0,34,0,8,0,0,0,0,27,0,0,0,0,1,0,0,0,0,0,31,0,0,53,2,0,0,0,0,0,0,0,0,17,0,0,4,0,0,0,1,0,0,0,0,1,0,0,0,0,0,0,0,0,0,0,0,0,0,0,0,0,0,0,0,0,0,0,0,0,0,0,0,0,0,0,0,0,0,0,0,1,0,0,0,0,0
36,103,86,92,0,162,0,1,310,93,111,0,172,0,7,55,98,0,206,0,2,52,0,171,0,15,0,0,0,0,130,0,6,0,0,1,19,35,54,61,0,124,0,0,227,40,64,0,69,0,1,37,68,0,131,0,0,42,0,107,0,13,0,0,0,0,84,0,3,0,0,1,8,2,26,34,0,81,0,0,175,13,27,0,16,0,0,17,39,0,92,0,0,31,0,86,0,11,0,0,0,0,60,0,0,0,0,1,5,0,9,1,0,34,0,0,94,2,9,0,0,0,0,4,0,0,45,0,0,19,0,38,0,7,0,0,0,0,31,0,0,0,0,1,0,0,0,0,0,31,0,0,49,2,0,0,0,0,0,0,0,0,17,0,0,3,0,2,0,1,0,0,0,0,2,0,0,0,0,0,0,0,0,0,0,0,0,0,0,0,0,0,0,0,0,0,0,0,0,0,0,1,0,0,0,0,0,0,0,0,2,0,0,0,0,0
37,106,80,92,0,163,0,1,303,96,123,0,178,0,7,46,105,0,183,0,2,55,0,175,0,15,0,0,0,0,122,0,7,0,0,1,19,42,50,60,0,122,0,0,225,46,70,0,71,0,1,29,71,0,116,0,1,39,0,110,0,13,0,0,0,0,80,0,4,0,0,1,7,2,27,36,0,78,0,0,175,14,27,0,15,0,0,15,42,0,91,0,0,31,0,89,0,12,0,0,0,0,57,0,0,0,0,1,5,0,9,2,0,32,0,0,94,2,9,0,0,0,0,4,0,0,44,0,0,19,0,39,0,8,0,0,0,0,30,0,0,0,0,1,0,0,0,0,0,31,0,0,54,2,0,0,0,0,0,0,0,0,17,0,0,5,0,1,0,0,0,0,0,0,2,0,0,0,0,0,0,0,0,0,0,0,0,0,0,0,0,0,0,0,0,0,0,0,0,0,0,2,0,0,0,0,0,0,0,0,2,0,0,0,0,0
25,121,84,77,0,141,0,0,277,121,129,0,212,0,0,43,89,0,165,0,0,31,0,156,0,0,0,0,0,0,107,0,0,0,0,0,11,49,51,56,0,98,0,0,210,55,71,0,74,0,0,22,63,0,111,0,0,18,0,98,0,0,0,0,0,0,69,0,0,0,0,0,4,8,29,30,0,64,0,0,168,15,35,0,22,0,0,12,40,0,83,0,0,12,0,65,0,0,0,0,0,0,44,0,0,0,0,0,3,0,9,0,0,28,0,0,99,2,10,0,0,0,0,4,0,0,40,0,0,8,0,29,0,0,0,0,0,0,23,0,0,0,0,0,0,0,0,0,0,28,0,0,66,0,0,0,0,0,0,0,0,0,17,0,0,0,0,0,0,0,0,0,0,0,0,0,0,0,0,0,0,0,0,0,0,0,0,0,0,0,0,0,0,0,0,0,0,0,0,0,0,0,0,0,0,0,0,0,0,0,0,0,0,0,0,0
25,121,84,77,0,141,0,0,277,121,129,0,212,0,0,43,89,0,165,0,0,31,0,156,0,0,0,0,0,0,107,0,0,0,0,0,11,49,51,56,0,98,0,0,210,55,71,0,74,0,0,22,63,0,111,0,0,18,0,98,0,0,0,0,0,0,69,0,0,0,0,0,4,8,29,30,0,64,0,0,168,15,35,0,22,0,0,12,40,0,83,0,0,12,0,65,0,0,0,0,0,0,44,0,0,0,0,0,3,0,9,0,0,28,0,0,99,2,10,0,0,0,0,4,0,0,40,0,0,8,0,29,0,0,0,0,0,0,23,0,0,0,0,0,0,0,0,0,0,28,0,0,66,0,0,0,0,0,0,0,0,0,17,0,0,0,0,0,0,0,0,0,0,0,0,0,0,0,0,0,0,0,0,0,0,0,0,0,0,0,0,0,0,0,0,0,0,0,0,0,0,0,0,0,0,0,0,0,0,0,0,0,0,0,0,0
25,121,84,77,0,141,0,0,277,121,129,0,212,0,0,43,89,0,165,0,0,31,0,156,0,0,0,0,0,0,107,0,0,0,0,0,11,49,51,56,0,98,0,0,210,55,71,0,74,0,0,22,63,0,111,0,0,18,0,98,0,0,0,0,0,0,69,0,0,0,0,0,4,8,29,30,0,64,0,0,168,15,35,0,22,0,0,12,40,0,83,0,0,12,0,65,0,0,0,0,0,0,44,0,0,0,0,0,3,0,9,0,0,28,0,0,99,2,10,0,0,0,0,4,0,0,40,0,0,8,0,29,0,0,0,0,0,0,23,0,0,0,0,0,0,0,0,0,0,28,0,0,66,0,0,0,0,0,0,0,0,0,17,0,0,0,0,0,0,0,0,0,0,0,0,0,0,0,0,0,0,0,0,0,0,0,0,0,0,0,0,0,0,0,0,0,0,0,0,0,0,0,0,0,0,0,0,0,0,0,0,0,0,0,0,0
28,112,79,90,0,142,0,0,288,102,120,0,187,0,0,40,100,0,164,0,0,44,0,168,0,0,0,0,0,0,106,0,0,0,0,0,14,45,52,64,0,102,0,0,224,50,59,0,80,0,0,23,72,0,103,0,0,30,0,104,0,0,0,0,0,0,65,0,0,0,0,0,5,9,28,33,0,67,0,0,170,12,27,0,21,0,0,13,46,0,81,0,0,22,0,73,0,0,0,0,0,0,43,0,0,0,0,0,4,0,9,0,0,30,0,0,97,1,8,0,0,0,0,3,1,0,42,0,0,14,0,28,0,0,0,0,0,0,23,0,0,0,0,0,0,0,0,0,0,30,0,0,62,0,0,0,0,0,0,0,0,0,18,0,0,0,0,0,0,0,0,0,0,0,0,0,0,0,0,0,0,0,0,0,0,0,0,0,0,0,0,0,0,0,0,0,0,0,0,0,0,0,0,0,0,0,0,0,0,0,0,0,0,0,0,0
28,112,79,90,0,142,0,0,288,102,120,0,187,0,0,40,100,0,164,0,0,44,0,168,0,0,0,0,0,0,106,0,0,0,0,0,14,45,52,64,0,102,0,0,224,50,59,0,80,0,0,23,72,0,103,0,0,30,0,104,0,0,0,0,0,0,65,0,0,0,0,0,5,9,28,33,0,67,0,0,170,12,27,0,21,0,0,13,46,0,81,0,0,22,0,73,0,0,0,0,0,0,43,0,0,0,0,0,4,0,9,0,0,30,0,0,97,1,8,0,0,0,0,3,1,0,42,0,0,14,0,28,0,0,0,0,0,0,23,0,0,0,0,0,0,0,0,0,0,30,0,0,62,0,0,0,0,0,0,0,0,0,18,0,0,0,0,0,0,0,0,0,0,0,0,0,0,0,0,0,0,0,0,0,0,0,0,0,0,0,0,0,0,0,0,0,0,0,0,0,0,0,0,0,0,0,0,0,0,0,0,0,0,0,0,0
28,112,79,90,0,142,0,0,288,102,120,0,187,0,0,40,100,0,164,0,0,44,0,168,0,0,0,0,0,0,106,0,0,0,0,0,14,45,52,64,0,102,0,0,224,50,59,0,80,0,0,23,72,0,103,0,0,30,0,104,0,0,0,0,0,0,65,0,0,0,0,0,5,9,28,33,0,67,0,0,170,12,27,0,21,0,0,13,46,0,81,0,0,22,0,73,0,0,0,0,0,0,43,0,0,0,0,0,4,0,9,0,0,30,0,0,97,1,8,0,0,0,0,3,1,0,42,0,0,14,0,28,0,0,0,0,0,0,23,0,0,0,0,0,0,0,0,0,0,30,0,0,62,0,0,0,0,0,0,0,0,0,18,0,0,0,0,0,0,0,0,0,0,0,0,0,0,0,0,0,0,0,0,0,0,0,0,0,0,0,0,0,0,0,0,0,0,0,0,0,0,0,0,0,0,0,0,0,0,0,0,0,0,0,0,0
28,112,79,90,0,142,0,0,288,102,120,0,187,0,0,40,100,0,164,0,0,44,0,168,0,0,0,0,0,0,106,0,0,0,0,0,14,45,52,64,0,102,0,0,224,50,59,0,80,0,0,23,72,0,103,0,0,30,0,104,0,0,0,0,0,0,65,0,0,0,0,0,5,9,28,33,0,67,0,0,170,12,27,0,21,0,0,13,46,0,81,0,0,22,0,73,0,0,0,0,0,0,43,0,0,0,0,0,4,0,9,0,0,30,0,0,97,1,8,0,0,0,0,3,1,0,42,0,0,14,0,28,0,0,0,0,0,0,23,0,0,0,0,0,0,0,0,0,0,30,0,0,62,0,0,0,0,0,0,0,0,0,18,0,0,0,0,0,0,0,0,0,0,0,0,0,0,0,0,0,0,0,0,0,0,0,0,0,0,0,0,0,0,0,0,0,0,0,0,0,0,0,0,0,0,0,0,0,0,0,0,0,0,0,0,0
28,112,79,90,0,142,0,0,288,102,120,0,187,0,0,40,100,0,164,0,0,44,0,168,0,0,0,0,0,0,106,0,0,0,0,0,14,45,52,64,0,102,0,0,224,50,59,0,80,0,0,23,72,0,103,0,0,30,0,104,0,0,0,0,0,0,65,0,0,0,0,0,5,9,28,33,0,67,0,0,170,12,27,0,21,0,0,13,46,0,81,0,0,22,0,73,0,0,0,0,0,0,43,0,0,0,0,0,4,0,9,0,0,30,0,0,97,1,8,0,0,0,0,3,1,0,42,0,0,14,0,28,0,0,0,0,0,0,23,0,0,0,0,0,0,0,0,0,0,30,0,0,62,0,0,0,0,0,0,0,0,0,18,0,0,0,0,0,0,0,0,0,0,0,0,0,0,0,0,0,0,0,0,0,0,0,0,0,0,0,0,0,0,0,0,0,0,0,0,0,0,0,0,0,0,0,0,0,0,0,0,0,0,0,0,0
25,121,84,77,0,141,0,0,277,121,129,0,212,0,0,43,89,0,165,0,0,31,0,156,0,0,0,0,0,0,107,0,0,0,0,0,11,49,51,56,0,98,0,0,210,55,71,0,74,0,0,22,63,0,111,0,0,18,0,98,0,0,0,0,0,0,69,0,0,0,0,0,4,8,29,30,0,64,0,0,168,15,35,0,22,0,0,12,40,0,83,0,0,12,0,65,0,0,0,0,0,0,44,0,0,0,0,0,3,0,9,0,0,28,0,0,99,2,10,0,0,0,0,4,0,0,40,0,0,8,0,29,0,0,0,0,0,0,23,0,0,0,0,0,0,0,0,0,0,28,0,0,66,0,0,0,0,0,0,0,0,0,17,0,0,0,0,0,0,0,0,0,0,0,0,0,0,0,0,0,0,0,0,0,0,0,0,0,0,0,0,0,0,0,0,0,0,0,0,0,0,0,0,0,0,0,0,0,0,0,0,0,0,0,0,0
25,121,84,77,0,141,0,0,277,121,129,0,212,0,0,43,89,0,165,0,0,31,0,156,0,0,0,0,0,0,107,0,0,0,0,0,11,49,51,56,0,98,0,0,210,55,71,0,74,0,0,22,63,0,111,0,0,18,0,98,0,0,0,0,0,0,69,0,0,0,0,0,4,8,29,30,0,64,0,0,168,15,35,0,22,0,0,12,40,0,83,0,0,12,0,65,0,0,0,0,0,0,44,0,0,0,0,0,3,0,9,0,0,28,0,0,99,2,10,0,0,0,0,4,0,0,40,0,0,8,0,29,0,0,0,0,0,0,23,0,0,0,0,0,0,0,0,0,0,28,0,0,66,0,0,0,0,0,0,0,0,0,17,0,0,0,0,0,0,0,0,0,0,0,0,0,0,0,0,0,0,0,0,0,0,0,0,0,0,0,0,0,0,0,0,0,0,0,0,0,0,0,0,0,0,0,0,0,0,0,0,0,0,0,0,0
31,116,91,79,0,170,0,0,311,85,119,0,181,0,0,40,97,0,178,0,0,35,0,153,0,0,0,0,0,0,121,0,0,0,0,0,15,41,55,61,0,112,0,0,224,40,66,0,66,0,0,25,70,0,113,0,0,20,0,100,0,0,0,0,0,0,72,0,0,0,0,0,5,4,30,28,0,69,0,0,171,9,27,0,15,0,0,15,41,0,90,0,0,15,0,73,0,0,0,0,0,0,47,0,0,0,0,0,4,0,9,0,0,31,0,0,98,1,9,0,0,0,0,5,2,0,44,0,0,10,0,31,0,0,0,0,0,0,24,0,0,0,0,0,0,0,0,0,0,31,0,0,52,1,0,0,0,0,0,0,0,0,20,0,0,0,0,0,0,0,0,0,0,0,0,0,0,0,0,0,0,0,0,0,0,0,0,0,0,0,0,0,0,0,0,0,0,0,0,0,0,0,0,0,0,0,0,0,0,0,0,0,0,0,0,0
31,116,91,79,0,170,0,0,311,85,119,0,181,0,0,40,97,0,178,0,0,35,0,153,0,0,0,0,0,0,121,0,0,0,0,0,15,41,55,61,0,112,0,0,224,40,66,0,66,0,0,25,70,0,113,0,0,20,0,100,0,0,0,0,0,0,72,0,0,0,0,0,5,4,30,28,0,69,0,0,171,9,27,0,15,0,0,15,41,0,90,0,0,15,0,73,0,0,0,0,0,0,47,0,0,0,0,0,4,0,9,0,0,31,0,0,98,1,9,0,0,0,0,5,2,0,44,0,0,10,0,31,0,0,0,0,0,0,24,0,0,0,0,0,0,0,0,0,0,31,0,0,52,1,0,0,0,0,0,0,0,0,20,0,0,0,0,0,0,0,0,0,0,0,0,0,0,0,0,0,0,0,0,0,0,0,0,0,0,0,0,0,0,0,0,0,0,0,0,0,0,0,0,0,0,0,0,0,0,0,0,0,0,0,0,0
31,116,91,79,0,170,0,0,311,85,119,0,181,0,0,40,97,0,178,0,0,35,0,153,0,0,0,0,0,0,121,0,0,0,0,0,15,41,55,61,0,112,0,0,224,40,66,0,66,0,0,25,70,0,113,0,0,20,0,100,0,0,0,0,0,0,72,0,0,0,0,0,5,4,30,28,0,69,0,0,171,9,27,0,15,0,0,15,41,0,90,0,0,15,0,73,0,0,0,0,0,0,47,0,0,0,0,0,4,0,9,0,0,31,0,0,98,1,9,0,0,0,0,5,2,0,44,0,0,10,0,31,0,0,0,0,0,0,24,0,0,0,0,0,0,0,0,0,0,31,0,0,52,1,0,0,0,0,0,0,0,0,20,0,0,0,0,0,0,0,0,0,0,0,0,0,0,0,0,0,0,0,0,0,0,0,0,0,0,0,0,0,0,0,0,0,0,0,0,0,0,0,0,0,0,0,0,0,0,0,0,0,0,0,0,0
31,116,91,79,0,170,0,0,311,85,119,0,181,0,0,40,97,0,178,0,0,35,0,153,0,0,0,0,0,0,121,0,0,0,0,0,15,41,55,61,0,112,0,0,224,40,66,0,66,0,0,25,70,0,113,0,0,20,0,100,0,0,0,0,0,0,72,0,0,0,0,0,5,4,30,28,0,69,0,0,171,9,27,0,15,0,0,15,41,0,90,0,0,15,0,73,0,0,0,0,0,0,47,0,0,0,0,0,4,0,9,0,0,31,0,0,98,1,9,0,0,0,0,5,2,0,44,0,0,10,0,31,0,0,0,0,0,0,24,0,0,0,0,0,0,0,0,0,0,31,0,0,52,1,0,0,0,0,0,0,0,0,20,0,0,0,0,0,0,0,0,0,0,0,0,0,0,0,0,0,0,0,0,0,0,0,0,0,0,0,0,0,0,0,0,0,0,0,0,0,0,0,0,0,0,0,0,0,0,0,0,0,0,0,0,0
31,116,91,79,0,170,0,0,311,85,119,0,181,0,0,40,97,0,178,0,0,35,0,153,0,0,0,0,0,0,121,0,0,0,0,0,15,41,55,61,0,112,0,0,224,40,66,0,66,0,0,25,70,0,113,0,0,20,0,100,0,0,0,0,0,0,72,0,0,0,0,0,5,4,30,28,0,69,0,0,171,9,27,0,15,0,0,15,41,0,90,0,0,15,0,73,0,0,0,0,0,0,47,0,0,0,0,0,4,0,9,0,0,31,0,0,98,1,9,0,0,0,0,5,2,0,44,0,0,10,0,31,0,0,0,0,0,0,24,0,0,0,0,0,0,0,0,0,0,31,0,0,52,1,0,0,0,0,0,0,0,0,20,0,0,0,0,0,0,0,0,0,0,0,0,0,0,0,0,0,0,0,0,0,0,0,0,0,0,0,0,0,0,0,0,0,0,0,0,0,0,0,0,0,0,0,0,0,0,0,0,0,0,0,0,0
31,116,91,79,0,170,0,0,311,85,119,0,181,0,0,40,97,0,178,0,0,35,0,153,0,0,0,0,0,0,121,0,0,0,0,0,15,41,55,61,0,112,0,0,224,40,66,0,66,0,0,25,70,0,113,0,0,20,0,100,0,0,0,0,0,0,72,0,0,0,0,0,5,4,30,28,0,69,0,0,171,9,27,0,15,0,0,15,41,0,90,0,0,15,0,73,0,0,0,0,0,0,47,0,0,0,0,0,4,0,9,0,0,31,0,0,98,1,9,0,0,0,0,5,2,0,44,0,0,10,0,31,0,0,0,0,0,0,24,0,0,0,0,0,0,0,0,0,0,31,0,0,52,1,0,0,0,0,0,0,0,0,20,0,0,0,0,0,0,0,0,0,0,0,0,0,0,0,0,0,0,0,0,0,0,0,0,0,0,0,0,0,0,0,0,0,0,0,0,0,0,0,0,0,0,0,0,0,0,0,0,0,0,0,0,0
31,116,91,79,0,170,0,0,311,85,119,0,181,0,0,40,97,0,178,0,0,35,0,153,0,0,0,0,0,0,121,0,0,0,0,0,15,41,55,61,0,112,0,0,224,40,66,0,66,0,0,25,70,0,113,0,0,20,0,100,0,0,0,0,0,0,72,0,0,0,0,0,5,4,30,28,0,69,0,0,171,9,27,0,15,0,0,15,41,0,90,0,0,15,0,73,0,0,0,0,0,0,47,0,0,0,0,0,4,0,9,0,0,31,0,0,98,1,9,0,0,0,0,5,2,0,44,0,0,10,0,31,0,0,0,0,0,0,24,0,0,0,0,0,0,0,0,0,0,31,0,0,52,1,0,0,0,0,0,0,0,0,20,0,0,0,0,0,0,0,0,0,0,0,0,0,0,0,0,0,0,0,0,0,0,0,0,0,0,0,0,0,0,0,0,0,0,0,0,0,0,0,0,0,0,0,0,0,0,0,0,0,0,0,0,0
28,120,85,93,0,141,0,1,306,114,142,0,200,0,2,38,93,0,170,0,1,45,0,162,0,5,0,0,0,0,108,0,4,0,0,0,13,44,51,66,0,104,0,1,219,53,74,0,75,0,0,25,72,0,112,0,1,26,0,101,0,4,0,0,0,0,63,0,1,0,0,0,6,6,31,36,0,68,0,0,178,16,33,0,21,0,0,12,41,0,83,0,0,15,0,73,0,3,0,0,0,0,44,0,0,0,0,0,3,0,10,0,0,30,0,0,91,2,10,0,0,0,0,2,1,0,41,0,0,11,0,29,0,2,0,0,0,0,24,0,0,0,0,0,0,0,0,0,0,30,0,0,68,0,0,0,0,0,0,0,0,0,17,0,0,0,0,0,0,0,0,0,0,0,0,0,0,0,0,0,0,0,0,0,0,0,0,0,0,0,0,0,0,0,0,0,0,0,0,0,0,0,0,0,0,0,0,0,0,0,0,0,0,0,0,0
28,120,85,93,0,141,0,1,306,114,142,0,200,0,2,38,93,0,170,0,1,45,0,162,0,5,0,0,0,0,108,0,4,0,0,0,13,44,51,66,0,104,0,1,219,53,74,0,75,0,0,25,72,0,112,0,1,26,0,101,0,4,0,0,0,0,63,0,1,0,0,0,6,6,31,36,0,68,0,0,178,16,33,0,21,0,0,12,41,0,83,0,0,15,0,73,0,3,0,0,0,0,44,0,0,0,0,0,3,0,10,0,0,30,0,0,91,2,10,0,0,0,0,2,1,0,41,0,0,11,0,29,0,2,0,0,0,0,24,0,0,0,0,0,0,0,0,0,0,30,0,0,68,0,0,0,0,0,0,0,0,0,17,0,0,0,0,0,0,0,0,0,0,0,0,0,0,0,0,0,0,0,0,0,0,0,0,0,0,0,0,0,0,0,0,0,0,0,0,0,0,0,0,0,0,0,0,0,0,0,0,0,0,0,0,0
28,120,85,93,0,141,0,1,306,114,142,0,200,0,2,38,93,0,170,0,1,45,0,162,0,5,0,0,0,0,108,0,4,0,0,0,13,44,51,66,0,104,0,1,219,53,74,0,75,0,0,25,72,0,112,0,1,26,0,101,0,4,0,0,0,0,63,0,1,0,0,0,6,6,31,36,0,68,0,0,178,16,33,0,21,0,0,12,41,0,83,0,0,15,0,73,0,3,0,0,0,0,44,0,0,0,0,0,3,0,10,0,0,30,0,0,91,2,10,0,0,0,0,2,1,0,41,0,0,11,0,29,0,2,0,0,0,0,24,0,0,0,0,0,0,0,0,0,0,30,0,0,68,0,0,0,0,0,0,0,0,0,17,0,0,0,0,0,0,0,0,0,0,0,0,0,0,0,0,0,0,0,0,0,0,0,0,0,0,0,0,0,0,0,0,0,0,0,0,0,0,0,0,0,0,0,0,0,0,0,0,0,0,0,0,0
28,120,85,93,0,141,0,1,306,114,142,0,200,0,2,38,93,0,170,0,1,45,0,162,0,5,0,0,0,0,108,0,4,0,0,0,13,44,51,66,0,104,0,1,219,53,74,0,75,0,0,25,72,0,112,0,1,26,0,101,0,4,0,0,0,0,63,0,1,0,0,0,6,6,31,36,0,68,0,0,178,16,33,0,21,0,0,12,41,0,83,0,0,15,0,73,0,3,0,0,0,0,44,0,0,0,0,0,3,0,10,0,0,30,0,0,91,2,10,0,0,0,0,2,1,0,41,0,0,11,0,29,0,2,0,0,0,0,24,0,0,0,0,0,0,0,0,0,0,30,0,0,68,0,0,0,0,0,0,0,0,0,17,0,0,0,0,0,0,0,0,0,0,0,0,0,0,0,0,0,0,0,0,0,0,0,0,0,0,0,0,0,0,0,0,0,0,0,0,0,0,0,0,0,0,0,0,0,0,0,0,0,0,0,0,0
28,120,85,93,0,141,0,1,306,114,142,0,200,0,2,38,93,0,170,0,1,45,0,162,0,5,0,0,0,0,108,0,4,0,0,0,13,44,51,66,0,104,0,1,219,53,74,0,75,0,0,25,72,0,112,0,1,26,0,101,0,4,0,0,0,0,63,0,1,0,0,0,6,6,31,36,0,68,0,0,178,16,33,0,21,0,0,12,41,0,83,0,0,15,0,73,0,3,0,0,0,0,44,0,0,0,0,0,3,0,10,0,0,30,0,0,91,2,10,0,0,0,0,2,1,0,41,0,0,11,0,29,0,2,0,0,0,0,24,0,0,0,0,0,0,0,0,0,0,30,0,0,68,0,0,0,0,0,0,0,0,0,17,0,0,0,0,0,0,0,0,0,0,0,0,0,0,0,0,0,0,0,0,0,0,0,0,0,0,0,0,0,0,0,0,0,0,0,0,0,0,0,0,0,0,0,0,0,0,0,0,0,0,0,0,0
28,120,85,93,0,141,0,1,306,114,142,0,200,0,2,38,93,0,170,0,1,45,0,162,0,5,0,0,0,0,108,0,4,0,0,0,13,44,51,66,0,104,0,1,219,53,74,0,75,0,0,25,72,0,112,0,1,26,0,101,0,4,0,0,0,0,63,0,1,0,0,0,6,6,31,36,0,68,0,0,178,16,33,0,21,0,0,12,41,0,83,0,0,15,0,73,0,3,0,0,0,0,44,0,0,0,0,0,3,0,10,0,0,30,0,0,91,2,10,0,0,0,0,2,1,0,41,0,0,11,0,29,0,2,0,0,0,0,24,0,0,0,0,0,0,0,0,0,0,30,0,0,68,0,0,0,0,0,0,0,0,0,17,0,0,0,0,0,0,0,0,0,0,0,0,0,0,0,0,0,0,0,0,0,0,0,0,0,0,0,0,0,0,0,0,0,0,0,0,0,0,0,0,0,0,0,0,0,0,0,0,0,0,0,0,0
28,120,85,93,0,141,0,1,306,114,142,0,200,0,2,38,93,0,170,0,1,45,0,162,0,5,0,0,0,0,108,0,4,0,0,0,13,44,51,66,0,104,0,1,219,53,74,0,75,0,0,25,72,0,112,0,1,26,0,101,0,4,0,0,0,0,63,0,1,0,0,0,6,6,31,36,0,68,0,0,178,16,33,0,21,0,0,12,41,0,83,0,0,15,0,73,0,3,0,0,0,0,44,0,0,0,0,0,3,0,10,0,0,30,0,0,91,2,10,0,0,0,0,2,1,0,41,0,0,11,0,29,0,2,0,0,0,0,24,0,0,0,0,0,0,0,0,0,0,30,0,0,68,0,0,0,0,0,0,0,0,0,17,0,0,0,0,0,0,0,0,0,0,0,0,0,0,0,0,0,0,0,0,0,0,0,0,0,0,0,0,0,0,0,0,0,0,0,0,0,0,0,0,0,0,0,0,0,0,0,0,0,0,0,0,0
28,120,85,93,0,141,0,1,306,114,142,0,200,0,2,38,93,0,170,0,1,45,0,162,0,5,0,0,0,0,108,0,4,0,0,0,13,44,51,66,0,104,0,1,219,53,74,0,75,0,0,25,72,0,112,0,1,26,0,101,0,4,0,0,0,0,63,0,1,0,0,0,6,6,31,36,0,68,0,0,178,16,33,0,21,0,0,12,41,0,83,0,0,15,0,73,0,3,0,0,0,0,44,0,0,0,0,0,3,0,10,0,0,30,0,0,91,2,10,0,0,0,0,2,1,0,41,0,0,11,0,29,0,2,0,0,0,0,24,0,0,0,0,0,0,0,0,0,0,30,0,0,68,0,0,0,0,0,0,0,0,0,17,0,0,0,0,0,0,0,0,0,0,0,0,0,0,0,0,0,0,0,0,0,0,0,0,0,0,0,0,0,0,0,0,0,0,0,0,0,0,0,0,0,0,0,0,0,0,0,0,0,0,0,0,0
25,104,84,82,0,139,0,0,265,96,109,0,178,0,0,31,83,0,158,0,0,37,0,152,0,0,0,0,0,0,103,0,0,0,0,0,14,38,51,60,0,104,0,0,205,46,57,0,64,0,0,19,61,0,102,0,0,20,0,97,0,0,0,0,0,0,66,0,0,0,0,0,4,6,28,30,0,66,0,0,161,13,26,0,17,0,0,8,38,0,82,0,0,15,0,73,0,0,0,0,0,0,44,0,0,0,0,0,3,0,9,0,0,29,0,0,88,2,8,0,0,0,0,2,1,0,39,0,0,11,0,28,0,0,0,0,0,0,25,0,0,0,0,0,0,0,0,0,0,29,0,0,59,0,0,0,0,0,0,0,0,0,13,0,0,0,0,0,0,0,0,0,0,0,0,0,0,0,0,0,0,0,0,0,0,0,0,0,0,0,0,0,0,0,0,0,0,0,0,0,0,0,0,0,0,0,0,0,0,0,0,0,0,0,0,0
31,123,94,84,0,161,0,0,341,108,133,0,216,0,0,35,87,0,172,0,2,25,0,144,0,3,0,0,0,0,117,0,1,0,0,0,14,43,57,55,0,114,0,0,250,50,77,0,79,0,0,22,64,0,114,0,1,16,0,93,0,3,0,0,0,0,69,0,0,0,0,0,7,4,30,31,0,71,0,0,194,17,36,0,23,0,0,12,39,0,86,0,0,11,0,67,0,3,0,0,0,0,49,0,0,0,0,0,4,0,9,0,0,31,0,0,114,2,11,0,0,0,0,2,1,0,42,0,0,8,0,28,0,2,0,0,0,0,26,0,0,0,0,0,0,0,0,0,0,31,0,0,75,0,0,0,0,0,0,0,0,0,16,0,0,0,0,0,0,0,0,0,0,0,0,0,0,0,0,0,0,0,0,0,0,0,0,0,0,0,0,0,0,0,0,0,0,0,0,0,0,0,0,0,0,0,0,0,0,0,0,0,0,0,0,0
31,123,94,84,0,161,0,0,341,108,133,0,216,0,0,35,87,0,172,0,2,25,0,144,0,3,0,0,0,0,117,0,1,0,0,0,14,43,57,55,0,114,0,0,250,50,77,0,79,0,0,22,64,0,114,0,1,16,0,93,0,3,0,0,0,0,69,0,0,0,0,0,7,4,30,31,0,71,0,0,194,17,36,0,23,0,0,12,39,0,86,0,0,11,0,67,0,3,0,0,0,0,49,0,0,0,0,0,4,0,9,0,0,31,0,0,114,2,11,0,0,0,0,2,1,0,42,0,0,8,0,28,0,2,0,0,0,0,26,0,0,0,0,0,0,0,0,0,0,31,0,0,75,0,0,0,0,0,0,0,0,0,16,0,0,0,0,0,0,0,0,0,0,0,0,0,0,0,0,0,0,0,0,0,0,0,0,0,0,0,0,0,0,0,0,0,0,0,0,0,0,0,0,0,0,0,0,0,0,0,0,0,0,0,0,0
31,123,94,84,0,161,0,0,341,108,133,0,216,0,0,35,87,0,172,0,2,25,0,144,0,3,0,0,0,0,117,0,1,0,0,0,14,43,57,55,0,114,0,0,250,50,77,0,79,0,0,22,64,0,114,0,1,16,0,93,0,3,0,0,0,0,69,0,0,0,0,0,7,4,30,31,0,71,0,0,194,17,36,0,23,0,0,12,39,0,86,0,0,11,0,67,0,3,0,0,0,0,49,0,0,0,0,0,4,0,9,0,0,31,0,0,114,2,11,0,0,0,0,2,1,0,42,0,0,8,0,28,0,2,0,0,0,0,26,0,0,0,0,0,0,0,0,0,0,31,0,0,75,0,0,0,0,0,0,0,0,0,16,0,0,0,0,0,0,0,0,0,0,0,0,0,0,0,0,0,0,0,0,0,0,0,0,0,0,0,0,0,0,0,0,0,0,0,0,0,0,0,0,0,0,0,0,0,0,0,0,0,0,0,0,0
31,123,94,84,0,161,0,0,341,108,133,0,216,0,0,35,87,0,172,0,2,25,0,144,0,3,0,0,0,0,117,0,1,0,0,0,14,43,57,55,0,114,0,0,250,50,77,0,79,0,0,22,64,0,114,0,1,16,0,93,0,3,0,0,0,0,69,0,0,0,0,0,7,4,30,31,0,71,0,0,194,17,36,0,23,0,0,12,39,0,86,0,0,11,0,67,0,3,0,0,0,0,49,0,0,0,0,0,4,0,9,0,0,31,0,0,114,2,11,0,0,0,0,2,1,0,42,0,0,8,0,28,0,2,0,0,0,0,26,0,0,0,0,0,0,0,0,0,0,31,0,0,75,0,0,0,0,0,0,0,0,0,16,0,0,0,0,0,0,0,0,0,0,0,0,0,0,0,0,0,0,0,0,0,0,0,0,0,0,0,0,0,0,0,0,0,0,0,0,0,0,0,0,0,0,0,0,0,0,0,0,0,0,0,0,0
31,123,94,84,0,161,0,0,341,108,133,0,216,0,0,35,87,0,172,0,2,25,0,144,0,3,0,0,0,0,117,0,1,0,0,0,14,43,57,55,0,114,0,0,250,50,77,0,79,0,0,22,64,0,114,0,1,16,0,93,0,3,0,0,0,0,69,0,0,0,0,0,7,4,30,31,0,71,0,0,194,17,36,0,23,0,0,12,39,0,86,0,0,11,0,67,0,3,0,0,0,0,49,0,0,0,0,0,4,0,9,0,0,31,0,0,114,2,11,0,0,0,0,2,1,0,42,0,0,8,0,28,0,2,0,0,0,0,26,0,0,0,0,0,0,0,0,0,0,31,0,0,75,0,0,0,0,0,0,0,0,0,16,0,0,0,0,0,0,0,0,0,0,0,0,0,0,0,0,0,0,0,0,0,0,0,0,0,0,0,0,0,0,0,0,0,0,0,0,0,0,0,0,0,0,0,0,0,0,0,0,0,0,0,0,0
31,123,94,84,0,161,0,0,341,108,133,0,216,0,0,35,87,0,172,0,2,25,0,144,0,3,0,0,0,0,117,0,1,0,0,0,14,43,57,55,0,114,0,0,250,50,77,0,79,0,0,22,64,0,114,0,1,16,0,93,0,3,0,0,0,0,69,0,0,0,0,0,7,4,30,31,0,71,0,0,194,17,36,0,23,0,0,12,39,0,86,0,0,11,0,67,0,3,0,0,0,0,49,0,0,0,0,0,4,0,9,0,0,31,0,0,114,2,11,0,0,0,0,2,1,0,42,0,0,8,0,28,0,2,0,0,0,0,26,0,0,0,0,0,0,0,0,0,0,31,0,0,75,0,0,0,0,0,0,0,0,0,16,0,0,0,0,0,0,0,0,0,0,0,0,0,0,0,0,0,0,0,0,0,0,0,0,0,0,0,0,0,0,0,0,0,0,0,0,0,0,0,0,0,0,0,0,0,0,0,0,0,0,0,0,0
31,123,94,84,0,161,0,0,341,108,133,0,216,0,0,35,87,0,172,0,2,25,0,144,0,3,0,0,0,0,117,0,1,0,0,0,14,43,57,55,0,114,0,0,250,50,77,0,79,0,0,22,64,0,114,0,1,16,0,93,0,3,0,0,0,0,69,0,0,0,0,0,7,4,30,31,0,71,0,0,194,17,36,0,23,0,0,12,39,0,86,0,0,11,0,67,0,3,0,0,0,0,49,0,0,0,0,0,4,0,9,0,0,31,0,0,114,2,11,0,0,0,0,2,1,0,42,0,0,8,0,28,0,2,0,0,0,0,26,0,0,0,0,0,0,0,0,0,0,31,0,0,75,0,0,0,0,0,0,0,0,0,16,0,0,0,0,0,0,0,0,0,0,0,0,0,0,0,0,0,0,0,0,0,0,0,0,0,0,0,0,0,0,0,0,0,0,0,0,0,0,0,0,0,0,0,0,0,0,0,0,0,0,0,0,0
31,123,94,84,0,161,0,0,341,108,133,0,216,0,0,35,87,0,172,0,2,25,0,144,0,3,0,0,0,0,117,0,1,0,0,0,14,43,57,55,0,114,0,0,250,50,77,0,79,0,0,22,64,0,114,0,1,16,0,93,0,3,0,0,0,0,69,0,0,0,0,0,7,4,30,31,0,71,0,0,194,17,36,0,23,0,0,12,39,0,86,0,0,11,0,67,0,3,0,0,0,0,49,0,0,0,0,0,4,0,9,0,0,31,0,0,114,2,11,0,0,0,0,2,1,0,42,0,0,8,0,28,0,2,0,0,0,0,26,0,0,0,0,0,0,0,0,0,0,31,0,0,75,0,0,0,0,0,0,0,0,0,16,0,0,0,0,0,0,0,0,0,0,0,0,0,0,0,0,0,0,0,0,0,0,0,0,0,0,0,0,0,0,0,0,0,0,0,0,0,0,0,0,0,0,0,0,0,0,0,0,0,0,0,0,0
34,88,111,105,0,165,0,0,242,79,95,0,145,0,0,52,109,0,208,0,0,47,0,166,0,0,0,0,0,0,124,0,0,0,0,0,17,31,63,67,0,121,0,0,183,40,53,0,53,0,0,33,82,0,134,0,0,29,0,102,0,0,0,0,0,0,75,0,0,0,0,0,6,2,35,34,0,72,0,0,148,13,24,0,12,0,0,17,47,0,94,0,0,20,0,76,0,0,0,0,0,0,51,0,0,0,0,0,4,0,10,0,0,32,0,0,79,2,8,0,0,0,0,4,1,0,46,0,0,12,0,31,0,0,0,0,0,0,25,0,0,0,0,0,0,0,0,0,0,32,0,0,56,0,0,0,0,0,0,0,0,0,21,0,0,0,0,0,0,0,0,0,0,0,0,0,0,0,0,0,0,0,0,0,0,0,0,0,0,0,0,0,0,0,0,0,0,0,0,0,0,0,0,0,0,0,0,0,0,0,0,0,0,0,0,0
34,88,111,105,0,165,0,0,242,79,95,0,145,0,0,52,109,0,208,0,0,47,0,166,0,0,0,0,0,0,124,0,0,0,0,0,17,31,63,67,0,121,0,0,183,40,53,0,53,0,0,33,82,0,134,0,0,29,0,102,0,0,0,0,0,0,75,0,0,0,0,0,6,2,35,34,0,72,0,0,148,13,24,0,12,0,0,17,47,0,94,0,0,20,0,76,0,0,0,0,0,0,51,0,0,0,0,0,4,0,10,0,0,32,0,0,79,2,8,0,0,0,0,4,1,0,46,0,0,12,0,31,0,0,0,0,0,0,25,0,0,0,0,0,0,0,0,0,0,32,0,0,56,0,0,0,0,0,0,0,0,0,21,0,0,0,0,0,0,0,0,0,0,0,0,0,0,0,0,0,0,0,0,0,0,0,0,0,0,0,0,0,0,0,0,0,0,0,0,0,0,0,0,0,0,0,0,0,0,0,0,0,0,0,0,0
34,88,111,105,0,165,0,0,242,79,95,0,145,0,0,52,109,0,208,0,0,47,0,166,0,0,0,0,0,0,124,0,0,0,0,0,17,31,63,67,0,121,0,0,183,40,53,0,53,0,0,33,82,0,134,0,0,29,0,102,0,0,0,0,0,0,75,0,0,0,0,0,6,2,35,34,0,72,0,0,148,13,24,0,12,0,0,17,47,0,94,0,0,20,0,76,0,0,0,0,0,0,51,0,0,0,0,0,4,0,10,0,0,32,0,0,79,2,8,0,0,0,0,4,1,0,46,0,0,12,0,31,0,0,0,0,0,0,25,0,0,0,0,0,0,0,0,0,0,32,0,0,56,0,0,0,0,0,0,0,0,0,21,0,0,0,0,0,0,0,0,0,0,0,0,0,0,0,0,0,0,0,0,0,0,0,0,0,0,0,0,0,0,0,0,0,0,0,0,0,0,0,0,0,0,0,0,0,0,0,0,0,0,0,0,0
34,88,111,105,0,165,0,0,242,79,95,0,145,0,0,52,109,0,208,0,0,47,0,166,0,0,0,0,0,0,124,0,0,0,0,0,17,31,63,67,0,121,0,0,183,40,53,0,53,0,0,33,82,0,134,0,0,29,0,102,0,0,0,0,0,0,75,0,0,0,0,0,6,2,35,34,0,72,0,0,148,13,24,0,12,0,0,17,47,0,94,0,0,20,0,76,0,0,0,0,0,0,51,0,0,0,0,0,4,0,10,0,0,32,0,0,79,2,8,0,0,0,0,4,1,0,46,0,0,12,0,31,0,0,0,0,0,0,25,0,0,0,0,0,0,0,0,0,0,32,0,0,56,0,0,0,0,0,0,0,0,0,21,0,0,0,0,0,0,0,0,0,0,0,0,0,0,0,0,0,0,0,0,0,0,0,0,0,0,0,0,0,0,0,0,0,0,0,0,0,0,0,0,0,0,0,0,0,0,0,0,0,0,0,0,0
35,108,99,92,0,173,0,0,356,102,122,0,194,0,0,37,91,0,180,0,2,26,0,147,0,4,0,0,0,0,123,0,1,0,0,0,20,36,65,60,0,119,0,0,247,53,72,0,70,0,0,24,65,0,119,0,1,17,0,95,0,3,0,0,0,0,73,0,0,0,0,0,7,3,32,35,0,72,0,0,190,21,35,0,20,0,0,14,40,0,88,0,0,12,0,72,0,3,0,0,0,0,49,0,0,0,0,0,4,0,10,0,0,32,0,0,100,3,10,0,0,0,0,2,1,0,43,0,0,9,0,29,0,2,0,0,0,0,26,0,0,0,0,0,0,0,0,0,0,32,0,0,71,0,0,0,0,0,0,0,0,0,17,0,0,0,0,0,0,0,0,0,0,0,0,0,0,0,0,0,0,0,0,0,0,0,0,0,0,0,0,0,0,0,0,0,0,0,0,0,0,0,0,0,0,0,0,0,0,0,0,0,0,0,0,0
35,108,99,92,0,173,0,0,356,102,122,0,194,0,0,37,91,0,180,0,2,26,0,147,0,4,0,0,0,0,123,0,1,0,0,0,20,36,65,60,0,119,0,0,247,53,72,0,70,0,0,24,65,0,119,0,1,17,0,95,0,3,0,0,0,0,73,0,0,0,0,0,7,3,32,35,0,72,0,0,190,21,35,0,20,0,0,14,40,0,88,0,0,12,0,72,0,3,0,0,0,0,49,0,0,0,0,0,4,0,10,0,0,32,0,0,100,3,10,0,0,0,0,2,1,0,43,0,0,9,0,29,0,2,0,0,0,0,26,0,0,0,0,0,0,0,0,0,0,32,0,0,71,0,0,0,0,0,0,0,0,0,17,0,0,0,0,0,0,0,0,0,0,0,0,0,0,0,0,0,0,0,0,0,0,0,0,0,0,0,0,0,0,0,0,0,0,0,0,0,0,0,0,0,0,0,0,0,0,0,0,0,0,0,0,0
35,108,99,92,0,173,0,0,356,102,122,0,194,0,0,37,91,0,180,0,2,26,0,147,0,4,0,0,0,0,123,0,1,0,0,0,20,36,65,60,0,119,0,0,247,53,72,0,70,0,0,24,65,0,119,0,1,17,0,95,0,3,0,0,0,0,73,0,0,0,0,0,7,3,32,35,0,72,0,0,190,21,35,0,20,0,0,14,40,0,88,0,0,12,0,72,0,3,0,0,0,0,49,0,0,0,0,0,4,0,10,0,0,32,0,0,100,3,10,0,0,0,0,2,1,0,43,0,0,9,0,29,0,2,0,0,0,0,26,0,0,0,0,0,0,0,0,0,0,32,0,0,71,0,0,0,0,0,0,0,0,0,17,0,0,0,0,0,0,0,0,0,0,0,0,0,0,0,0,0,0,0,0,0,0,0,0,0,0,0,0,0,0,0,0,0,0,0,0,0,0,0,0,0,0,0,0,0,0,0,0,0,0,0,0,0
35,108,99,92,0,173,0,0,356,102,122,0,194,0,0,37,91,0,180,0,2,26,0,147,0,4,0,0,0,0,123,0,1,0,0,0,20,36,65,60,0,119,0,0,247,53,72,0,70,0,0,24,65,0,119,0,1,17,0,95,0,3,0,0,0,0,73,0,0,0,0,0,7,3,32,35,0,72,0,0,190,21,35,0,20,0,0,14,40,0,88,0,0,12,0,72,0,3,0,0,0,0,49,0,0,0,0,0,4,0,10,0,0,32,0,0,100,3,10,0,0,0,0,2,1,0,43,0,0,9,0,29,0,2,0,0,0,0,26,0,0,0,0,0,0,0,0,0,0,32,0,0,71,0,0,0,0,0,0,0,0,0,17,0,0,0,0,0,0,0,0,0,0,0,0,0,0,0,0,0,0,0,0,0,0,0,0,0,0,0,0,0,0,0,0,0,0,0,0,0,0,0,0,0,0,0,0,0,0,0,0,0,0,0,0,0
35,108,99,92,0,173,0,0,356,102,122,0,194,0,0,37,91,0,180,0,2,26,0,147,0,4,0,0,0,0,123,0,1,0,0,0,20,36,65,60,0,119,0,0,247,53,72,0,70,0,0,24,65,0,119,0,1,17,0,95,0,3,0,0,0,0,73,0,0,0,0,0,7,3,32,35,0,72,0,0,190,21,35,0,20,0,0,14,40,0,88,0,0,12,0,72,0,3,0,0,0,0,49,0,0,0,0,0,4,0,10,0,0,32,0,0,100,3,10,0,0,0,0,2,1,0,43,0,0,9,0,29,0,2,0,0,0,0,26,0,0,0,0,0,0,0,0,0,0,32,0,0,71,0,0,0,0,0,0,0,0,0,17,0,0,0,0,0,0,0,0,0,0,0,0,0,0,0,0,0,0,0,0,0,0,0,0,0,0,0,0,0,0,0,0,0,0,0,0,0,0,0,0,0,0,0,0,0,0,0,0,0,0,0,0,0
35,108,99,92,0,173,0,0,356,102,122,0,194,0,0,37,91,0,180,0,2,26,0,147,0,4,0,0,0,0,123,0,1,0,0,0,20,36,65,60,0,119,0,0,247,53,72,0,70,0,0,24,65,0,119,0,1,17,0,95,0,3,0,0,0,0,73,0,0,0,0,0,7,3,32,35,0,72,0,0,190,21,35,0,20,0,0,14,40,0,88,0,0,12,0,72,0,3,0,0,0,0,49,0,0,0,0,0,4,0,10,0,0,32,0,0,100,3,10,0,0,0,0,2,1,0,43,0,0,9,0,29,0,2,0,0,0,0,26,0,0,0,0,0,0,0,0,0,0,32,0,0,71,0,0,0,0,0,0,0,0,0,17,0,0,0,0,0,0,0,0,0,0,0,0,0,0,0,0,0,0,0,0,0,0,0,0,0,0,0,0,0,0,0,0,0,0,0,0,0,0,0,0,0,0,0,0,0,0,0,0,0,0,0,0,0
35,108,99,92,0,173,0,0,356,102,122,0,194,0,0,37,91,0,180,0,2,26,0,147,0,4,0,0,0,0,123,0,1,0,0,0,20,36,65,60,0,119,0,0,247,53,72,0,70,0,0,24,65,0,119,0,1,17,0,95,0,3,0,0,0,0,73,0,0,0,0,0,7,3,32,35,0,72,0,0,190,21,35,0,20,0,0,14,40,0,88,0,0,12,0,72,0,3,0,0,0,0,49,0,0,0,0,0,4,0,10,0,0,32,0,0,100,3,10,0,0,0,0,2,1,0,43,0,0,9,0,29,0,2,0,0,0,0,26,0,0,0,0,0,0,0,0,0,0,32,0,0,71,0,0,0,0,0,0,0,0,0,17,0,0,0,0,0,0,0,0,0,0,0,0,0,0,0,0,0,0,0,0,0,0,0,0,0,0,0,0,0,0,0,0,0,0,0,0,0,0,0,0,0,0,0,0,0,0,0,0,0,0,0,0,0
35,108,99,92,0,173,0,0,356,102,122,0,194,0,0,37,91,0,180,0,2,26,0,147,0,4,0,0,0,0,123,0,1,0,0,0,20,36,65,60,0,119,0,0,247,53,72,0,70,0,0,24,65,0,119,0,1,17,0,95,0,3,0,0,0,0,73,0,0,0,0,0,7,3,32,35,0,72,0,0,190,21,35,0,20,0,0,14,40,0,88,0,0,12,0,72,0,3,0,0,0,0,49,0,0,0,0,0,4,0,10,0,0,32,0,0,100,3,10,0,0,0,0,2,1,0,43,0,0,9,0,29,0,2,0,0,0,0,26,0,0,0,0,0,0,0,0,0,0,32,0,0,71,0,0,0,0,0,0,0,0,0,17,0,0,0,0,0,0,0,0,0,0,0,0,0,0,0,0,0,0,0,0,0,0,0,0,0,0,0,0,0,0,0,0,0,0,0,0,0,0,0,0,0,0,0,0,0,0,0,0,0,0,0,0,0
35,108,99,92,0,173,0,0,356,102,122,0,194,0,0,37,91,0,180,0,2,26,0,147,0,4,0,0,0,0,123,0,1,0,0,0,20,36,65,60,0,119,0,0,247,53,72,0,70,0,0,24,65,0,119,0,1,17,0,95,0,3,0,0,0,0,73,0,0,0,0,0,7,3,32,35,0,72,0,0,190,21,35,0,20,0,0,14,40,0,88,0,0,12,0,72,0,3,0,0,0,0,49,0,0,0,0,0,4,0,10,0,0,32,0,0,100,3,10,0,0,0,0,2,1,0,43,0,0,9,0,29,0,2,0,0,0,0,26,0,0,0,0,0,0,0,0,0,0,32,0,0,71,0,0,0,0,0,0,0,0,0,17,0,0,0,0,0,0,0,0,0,0,0,0,0,0,0,0,0,0,0,0,0,0,0,0,0,0,0,0,0,0,0,0,0,0,0,0,0,0,0,0,0,0,0,0,0,0,0,0,0,0,0,0,0
35,108,99,92,0,173,0,0,356,102,122,0,194,0,0,37,91,0,180,0,2,26,0,147,0,4,0,0,0,0,123,0,1,0,0,0,20,36,65,60,0,119,0,0,247,53,72,0,70,0,0,24,65,0,119,0,1,17,0,95,0,3,0,0,0,0,73,0,0,0,0,0,7,3,32,35,0,72,0,0,190,21,35,0,20,0,0,14,40,0,88,0,0,12,0,72,0,3,0,0,0,0,49,0,0,0,0,0,4,0,10,0,0,32,0,0,100,3,10,0,0,0,0,2,1,0,43,0,0,9,0,29,0,2,0,0,0,0,26,0,0,0,0,0,0,0,0,0,0,32,0,0,71,0,0,0,0,0,0,0,0,0,17,0,0,0,0,0,0,0,0,0,0,0,0,0,0,0,0,0,0,0,0,0,0,0,0,0,0,0,0,0,0,0,0,0,0,0,0,0,0,0,0,0,0,0,0,0,0,0,0,0,0,0,0,0
35,108,99,92,0,173,0,0,356,102,122,0,194,0,0,37,91,0,180,0,2,26,0,147,0,4,0,0,0,0,123,0,1,0,0,0,20,36,65,60,0,119,0,0,247,53,72,0,70,0,0,24,65,0,119,0,1,17,0,95,0,3,0,0,0,0,73,0,0,0,0,0,7,3,32,35,0,72,0,0,190,21,35,0,20,0,0,14,40,0,88,0,0,12,0,72,0,3,0,0,0,0,49,0,0,0,0,0,4,0,10,0,0,32,0,0,100,3,10,0,0,0,0,2,1,0,43,0,0,9,0,29,0,2,0,0,0,0,26,0,0,0,0,0,0,0,0,0,0,32,0,0,71,0,0,0,0,0,0,0,0,0,17,0,0,0,0,0,0,0,0,0,0,0,0,0,0,0,0,0,0,0,0,0,0,0,0,0,0,0,0,0,0,0,0,0,0,0,0,0,0,0,0,0,0,0,0,0,0,0,0,0,0,0,0,0
33,124,100,98,0,170,0,0,293,117,121,0,201,0,6,35,88,0,164,0,3,30,0,160,0,3,0,0,0,0,117,0,1,0,0,0,16,51,60,66,0,115,0,0,230,52,67,0,72,0,3,19,66,0,110,0,2,18,0,102,0,3,0,0,0,0,68,0,0,0,0,0,7,7,33,39,0,73,0,0,179,17,32,0,18,0,1,9,44,0,83,0,0,10,0,72,0,3,0,0,0,0,47,0,0,0,0,0,4,0,11,0,0,33,0,0,108,2,10,0,0,0,0,2,0,0,40,0,0,8,0,31,0,2,0,0,0,0,25,0,0,0,0,0,0,0,0,0,0,33,0,0,69,0,0,0,0,0,0,0,0,0,15,0,0,0,0,0,0,0,0,0,0,0,0,0,0,0,0,0,0,0,0,0,0,0,0,0,0,0,0,0,0,0,0,0,0,0,0,0,0,0,0,0,0,0,0,0,0,0,0,0,0,0,0,0
33,124,100,98,0,170,0,0,293,117,121,0,201,0,6,35,88,0,164,0,3,30,0,160,0,3,0,0,0,0,117,0,1,0,0,0,16,51,60,66,0,115,0,0,230,52,67,0,72,0,3,19,66,0,110,0,2,18,0,102,0,3,0,0,0,0,68,0,0,0,0,0,7,7,33,39,0,73,0,0,179,17,32,0,18,0,1,9,44,0,83,0,0,10,0,72,0,3,0,0,0,0,47,0,0,0,0,0,4,0,11,0,0,33,0,0,108,2,10,0,0,0,0,2,0,0,40,0,0,8,0,31,0,2,0,0,0,0,25,0,0,0,0,0,0,0,0,0,0,33,0,0,69,0,0,0,0,0,0,0,0,0,15,0,0,0,0,0,0,0,0,0,0,0,0,0,0,0,0,0,0,0,0,0,0,0,0,0,0,0,0,0,0,0,0,0,0,0,0,0,0,0,0,0,0,0,0,0,0,0,0,0,0,0,0,0
33,124,100,98,0,170,0,0,293,117,121,0,201,0,6,35,88,0,164,0,3,30,0,160,0,3,0,0,0,0,117,0,1,0,0,0,16,51,60,66,0,115,0,0,230,52,67,0,72,0,3,19,66,0,110,0,2,18,0,102,0,3,0,0,0,0,68,0,0,0,0,0,7,7,33,39,0,73,0,0,179,17,32,0,18,0,1,9,44,0,83,0,0,10,0,72,0,3,0,0,0,0,47,0,0,0,0,0,4,0,11,0,0,33,0,0,108,2,10,0,0,0,0,2,0,0,40,0,0,8,0,31,0,2,0,0,0,0,25,0,0,0,0,0,0,0,0,0,0,33,0,0,69,0,0,0,0,0,0,0,0,0,15,0,0,0,0,0,0,0,0,0,0,0,0,0,0,0,0,0,0,0,0,0,0,0,0,0,0,0,0,0,0,0,0,0,0,0,0,0,0,0,0,0,0,0,0,0,0,0,0,0,0,0,0,0
33,124,100,98,0,170,0,0,293,117,121,0,201,0,6,35,88,0,164,0,3,30,0,160,0,3,0,0,0,0,117,0,1,0,0,0,16,51,60,66,0,115,0,0,230,52,67,0,72,0,3,19,66,0,110,0,2,18,0,102,0,3,0,0,0,0,68,0,0,0,0,0,7,7,33,39,0,73,0,0,179,17,32,0,18,0,1,9,44,0,83,0,0,10,0,72,0,3,0,0,0,0,47,0,0,0,0,0,4,0,11,0,0,33,0,0,108,2,10,0,0,0,0,2,0,0,40,0,0,8,0,31,0,2,0,0,0,0,25,0,0,0,0,0,0,0,0,0,0,33,0,0,69,0,0,0,0,0,0,0,0,0,15,0,0,0,0,0,0,0,0,0,0,0,0,0,0,0,0,0,0,0,0,0,0,0,0,0,0,0,0,0,0,0,0,0,0,0,0,0,0,0,0,0,0,0,0,0,0,0,0,0,0,0,0,0
33,124,100,98,0,170,0,0,293,117,121,0,201,0,6,35,88,0,164,0,3,30,0,160,0,3,0,0,0,0,117,0,1,0,0,0,16,51,60,66,0,115,0,0,230,52,67,0,72,0,3,19,66,0,110,0,2,18,0,102,0,3,0,0,0,0,68,0,0,0,0,0,7,7,33,39,0,73,0,0,179,17,32,0,18,0,1,9,44,0,83,0,0,10,0,72,0,3,0,0,0,0,47,0,0,0,0,0,4,0,11,0,0,33,0,0,108,2,10,0,0,0,0,2,0,0,40,0,0,8,0,31,0,2,0,0,0,0,25,0,0,0,0,0,0,0,0,0,0,33,0,0,69,0,0,0,0,0,0,0,0,0,15,0,0,0,0,0,0,0,0,0,0,0,0,0,0,0,0,0,0,0,0,0,0,0,0,0,0,0,0,0,0,0,0,0,0,0,0,0,0,0,0,0,0,0,0,0,0,0,0,0,0,0,0,0
32,127,92,82,0,159,0,0,330,111,129,0,217,0,0,36,87,0,170,0,3,26,0,143,0,5,0,0,0,0,117,0,2,0,0,0,14,48,57,56,0,113,0,0,247,52,77,0,81,0,0,22,62,0,114,0,0,16,0,94,0,3,0,0,0,0,69,0,0,0,0,0,7,4,31,30,0,70,0,0,194,18,37,0,23,0,0,13,40,0,87,0,0,11,0,67,0,3,0,0,0,0,49,0,0,0,0,0,4,0,9,0,0,31,0,0,114,2,11,0,0,0,0,2,1,0,42,0,0,8,0,28,0,2,0,0,0,0,26,0,0,0,0,0,0,0,0,0,0,31,0,0,75,0,0,0,0,0,0,0,0,0,16,0,0,0,0,0,0,0,0,0,0,0,0,0,0,0,0,0,0,0,0,0,0,0,0,0,0,0,0,0,0,0,0,0,0,0,0,0,0,0,0,0,0,0,0,0,0,0,0,0,0,0,0,0
32,127,92,82,0,159,0,0,330,111,129,0,217,0,0,36,87,0,170,0,3,26,0,143,0,5,0,0,0,0,117,0,2,0,0,0,14,48,57,56,0,113,0,0,247,52,77,0,81,0,0,22,62,0,114,0,0,16,0,94,0,3,0,0,0,0,69,0,0,0,0,0,7,4,31,30,0,70,0,0,194,18,37,0,23,0,0,13,40,0,87,0,0,11,0,67,0,3,0,0,0,0,49,0,0,0,0,0,4,0,9,0,0,31,0,0,114,2,11,0,0,0,0,2,1,0,42,0,0,8,0,28,0,2,0,0,0,0,26,0,0,0,0,0,0,0,0,0,0,31,0,0,75,0,0,0,0,0,0,0,0,0,16,0,0,0,0,0,0,0,0,0,0,0,0,0,0,0,0,0,0,0,0,0,0,0,0,0,0,0,0,0,0,0,0,0,0,0,0,0,0,0,0,0,0,0,0,0,0,0,0,0,0,0,0,0
32,127,92,82,0,159,0,0,330,111,129,0,217,0,0,36,87,0,170,0,3,26,0,143,0,5,0,0,0,0,117,0,2,0,0,0,14,48,57,56,0,113,0,0,247,52,77,0,81,0,0,22,62,0,114,0,0,16,0,94,0,3,0,0,0,0,69,0,0,0,0,0,7,4,31,30,0,70,0,0,194,18,37,0,23,0,0,13,40,0,87,0,0,11,0,67,0,3,0,0,0,0,49,0,0,0,0,0,4,0,9,0,0,31,0,0,114,2,11,0,0,0,0,2,1,0,42,0,0,8,0,28,0,2,0,0,0,0,26,0,0,0,0,0,0,0,0,0,0,31,0,0,75,0,0,0,0,0,0,0,0,0,16,0,0,0,0,0,0,0,0,0,0,0,0,0,0,0,0,0,0,0,0,0,0,0,0,0,0,0,0,0,0,0,0,0,0,0,0,0,0,0,0,0,0,0,0,0,0,0,0,0,0,0,0,0
32,127,92,82,0,159,0,0,330,111,129,0,217,0,0,36,87,0,170,0,3,26,0,143,0,5,0,0,0,0,117,0,2,0,0,0,14,48,57,56,0,113,0,0,247,52,77,0,81,0,0,22,62,0,114,0,0,16,0,94,0,3,0,0,0,0,69,0,0,0,0,0,7,4,31,30,0,70,0,0,194,18,37,0,23,0,0,13,40,0,87,0,0,11,0,67,0,3,0,0,0,0,49,0,0,0,0,0,4,0,9,0,0,31,0,0,114,2,11,0,0,0,0,2,1,0,42,0,0,8,0,28,0,2,0,0,0,0,26,0,0,0,0,0,0,0,0,0,0,31,0,0,75,0,0,0,0,0,0,0,0,0,16,0,0,0,0,0,0,0,0,0,0,0,0,0,0,0,0,0,0,0,0,0,0,0,0,0,0,0,0,0,0,0,0,0,0,0,0,0,0,0,0,0,0,0,0,0,0,0,0,0,0,0,0,0
32,127,92,82,0,159,0,0,330,111,129,0,217,0,0,36,87,0,170,0,3,26,0,143,0,5,0,0,0,0,117,0,2,0,0,0,14,48,57,56,0,113,0,0,247,52,77,0,81,0,0,22,62,0,114,0,0,16,0,94,0,3,0,0,0,0,69,0,0,0,0,0,7,4,31,30,0,70,0,0,194,18,37,0,23,0,0,13,40,0,87,0,0,11,0,67,0,3,0,0,0,0,49,0,0,0,0,0,4,0,9,0,0,31,0,0,114,2,11,0,0,0,0,2,1,0,42,0,0,8,0,28,0,2,0,0,0,0,26,0,0,0,0,0,0,0,0,0,0,31,0,0,75,0,0,0,0,0,0,0,0,0,16,0,0,0,0,0,0,0,0,0,0,0,0,0,0,0,0,0,0,0,0,0,0,0,0,0,0,0,0,0,0,0,0,0,0,0,0,0,0,0,0,0,0,0,0,0,0,0,0,0,0,0,0,0
32,127,92,82,0,159,0,0,330,111,129,0,217,0,0,36,87,0,170,0,3,26,0,143,0,5,0,0,0,0,117,0,2,0,0,0,14,48,57,56,0,113,0,0,247,52,77,0,81,0,0,22,62,0,114,0,0,16,0,94,0,3,0,0,0,0,69,0,0,0,0,0,7,4,31,30,0,70,0,0,194,18,37,0,23,0,0,13,40,0,87,0,0,11,0,67,0,3,0,0,0,0,49,0,0,0,0,0,4,0,9,0,0,31,0,0,114,2,11,0,0,0,0,2,1,0,42,0,0,8,0,28,0,2,0,0,0,0,26,0,0,0,0,0,0,0,0,0,0,31,0,0,75,0,0,0,0,0,0,0,0,0,16,0,0,0,0,0,0,0,0,0,0,0,0,0,0,0,0,0,0,0,0,0,0,0,0,0,0,0,0,0,0,0,0,0,0,0,0,0,0,0,0,0,0,0,0,0,0,0,0,0,0,0,0,0
32,127,92,82,0,159,0,0,330,111,129,0,217,0,0,36,87,0,170,0,3,26,0,143,0,5,0,0,0,0,117,0,2,0,0,0,14,48,57,56,0,113,0,0,247,52,77,0,81,0,0,22,62,0,114,0,0,16,0,94,0,3,0,0,0,0,69,0,0,0,0,0,7,4,31,30,0,70,0,0,194,18,37,0,23,0,0,13,40,0,87,0,0,11,0,67,0,3,0,0,0,0,49,0,0,0,0,0,4,0,9,0,0,31,0,0,114,2,11,0,0,0,0,2,1,0,42,0,0,8,0,28,0,2,0,0,0,0,26,0,0,0,0,0,0,0,0,0,0,31,0,0,75,0,0,0,0,0,0,0,0,0,16,0,0,0,0,0,0,0,0,0,0,0,0,0,0,0,0,0,0,0,0,0,0,0,0,0,0,0,0,0,0,0,0,0,0,0,0,0,0,0,0,0,0,0,0,0,0,0,0,0,0,0,0,0
25,115,92,71,0,147,0,0,342,126,143,0,226,0,0,40,84,0,181,0,0,27,0,131,0,0,0,0,0,0,115,0,0,0,0,0,14,45,54,50,0,108,0,0,267,56,84,0,84,0,0,25,61,0,120,0,0,12,0,82,0,0,0,0,0,0,73,0,0,0,0,0,6,6,32,26,0,67,0,0,210,18,38,0,22,0,0,13,41,0,92,0,0,7,0,66,0,0,0,0,0,0,49,0,0,0,0,0,3,0,9,0,0,29,0,0,119,2,11,0,0,0,0,4,0,0,43,0,0,5,0,29,0,0,0,0,0,0,26,0,0,0,0,0,0,0,0,0,0,29,0,0,79,0,0,0,0,0,0,0,0,0,17,0,0,0,0,0,0,0,0,0,0,0,0,0,0,0,0,0,0,0,0,0,0,0,0,0,0,0,0,0,0,0,0,0,0,0,0,0,0,0,0,0,0,0,0,0,0,0,0,0,0,0,0,0
21,111,87,93,0,141,0,0,309,117,129,0,188,0,0,34,93,0,165,0,0,53,0,177,0,0,0,0,0,0,104,0,0,0,0,0,11,42,54,63,0,98,0,0,243,53,66,0,76,0,0,22,65,0,106,0,0,32,0,106,0,0,0,0,0,0,64,0,0,0,0,0,4,6,28,28,0,64,0,0,187,16,30,0,20,0,0,9,44,0,80,0,0,24,0,75,0,0,0,0,0,0,43,0,0,0,0,0,3,0,9,0,0,29,0,0,103,3,9,0,0,0,0,3,1,0,40,0,0,15,0,29,0,0,0,0,0,0,24,0,0,0,0,0,0,0,0,0,0,29,0,0,68,0,0,0,0,0,0,0,0,0,15,0,0,0,0,0,0,0,0,0,0,0,0,0,0,0,0,0,0,0,0,0,0,0,0,0,0,0,0,0,0,0,0,0,0,0,0,0,0,0,0,0,0,0,0,0,0,0,0,0,0,0,0,0
33,120,91,83,0,155,0,0,372,95,168,0,196,0,4,31,70,0,158,0,1,31,0,140,0,3,0,0,0,0,115,0,2,0,0,0,15,46,53,60,0,117,0,0,268,44,96,0,73,0,0,21,51,0,110,0,1,17,0,83,0,3,0,0,0,0,71,0,1,0,0,0,6,6,32,29,0,72,0,0,205,13,36,0,21,0,0,10,36,0,86,0,0,8,0,63,0,3,0,0,0,0,48,0,0,0,0,0,4,0,9,0,0,31,0,0,123,1,11,0,0,0,0,2,0,0,39,0,0,6,0,28,0,2,0,0,0,0,26,0,0,0,0,0,0,0,0,0,0,31,0,0,78,0,0,0,0,0,0,0,0,0,13,0,0,0,0,0,0,0,0,0,0,0,0,0,0,0,0,0,0,0,0,0,0,0,0,0,0,0,0,0,0,0,0,0,0,0,0,0,0,0,0,0,0,0,0,0,0,0,0,0,0,0,0,0
33,120,91,83,0,155,0,0,372,95,168,0,196,0,4,31,70,0,158,0,1,31,0,140,0,3,0,0,0,0,115,0,2,0,0,0,15,46,53,60,0,117,0,0,268,44,96,0,73,0,0,21,51,0,110,0,1,17,0,83,0,3,0,0,0,0,71,0,1,0,0,0,6,6,32,29,0,72,0,0,205,13,36,0,21,0,0,10,36,0,86,0,0,8,0,63,0,3,0,0,0,0,48,0,0,0,0,0,4,0,9,0,0,31,0,0,123,1,11,0,0,0,0,2,0,0,39,0,0,6,0,28,0,2,0,0,0,0,26,0,0,0,0,0,0,0,0,0,0,31,0,0,78,0,0,0,0,0,0,0,0,0,13,0,0,0,0,0,0,0,0,0,0,0,0,0,0,0,0,0,0,0,0,0,0,0,0,0,0,0,0,0,0,0,0,0,0,0,0,0,0,0,0,0,0,0,0,0,0,0,0,0,0,0,0,0
33,120,91,83,0,155,0,0,372,95,168,0,196,0,4,31,70,0,158,0,1,31,0,140,0,3,0,0,0,0,115,0,2,0,0,0,15,46,53,60,0,117,0,0,268,44,96,0,73,0,0,21,51,0,110,0,1,17,0,83,0,3,0,0,0,0,71,0,1,0,0,0,6,6,32,29,0,72,0,0,205,13,36,0,21,0,0,10,36,0,86,0,0,8,0,63,0,3,0,0,0,0,48,0,0,0,0,0,4,0,9,0,0,31,0,0,123,1,11,0,0,0,0,2,0,0,39,0,0,6,0,28,0,2,0,0,0,0,26,0,0,0,0,0,0,0,0,0,0,31,0,0,78,0,0,0,0,0,0,0,0,0,13,0,0,0,0,0,0,0,0,0,0,0,0,0,0,0,0,0,0,0,0,0,0,0,0,0,0,0,0,0,0,0,0,0,0,0,0,0,0,0,0,0,0,0,0,0,0,0,0,0,0,0,0,0
33,120,91,83,0,155,0,0,372,95,168,0,196,0,4,31,70,0,158,0,1,31,0,140,0,3,0,0,0,0,115,0,2,0,0,0,15,46,53,60,0,117,0,0,268,44,96,0,73,0,0,21,51,0,110,0,1,17,0,83,0,3,0,0,0,0,71,0,1,0,0,0,6,6,32,29,0,72,0,0,205,13,36,0,21,0,0,10,36,0,86,0,0,8,0,63,0,3,0,0,0,0,48,0,0,0,0,0,4,0,9,0,0,31,0,0,123,1,11,0,0,0,0,2,0,0,39,0,0,6,0,28,0,2,0,0,0,0,26,0,0,0,0,0,0,0,0,0,0,31,0,0,78,0,0,0,0,0,0,0,0,0,13,0,0,0,0,0,0,0,0,0,0,0,0,0,0,0,0,0,0,0,0,0,0,0,0,0,0,0,0,0,0,0,0,0,0,0,0,0,0,0,0,0,0,0,0,0,0,0,0,0,0,0,0,0
33,120,91,83,0,155,0,0,372,95,168,0,196,0,4,31,70,0,158,0,1,31,0,140,0,3,0,0,0,0,115,0,2,0,0,0,15,46,53,60,0,117,0,0,268,44,96,0,73,0,0,21,51,0,110,0,1,17,0,83,0,3,0,0,0,0,71,0,1,0,0,0,6,6,32,29,0,72,0,0,205,13,36,0,21,0,0,10,36,0,86,0,0,8,0,63,0,3,0,0,0,0,48,0,0,0,0,0,4,0,9,0,0,31,0,0,123,1,11,0,0,0,0,2,0,0,39,0,0,6,0,28,0,2,0,0,0,0,26,0,0,0,0,0,0,0,0,0,0,31,0,0,78,0,0,0,0,0,0,0,0,0,13,0,0,0,0,0,0,0,0,0,0,0,0,0,0,0,0,0,0,0,0,0,0,0,0,0,0,0,0,0,0,0,0,0,0,0,0,0,0,0,0,0,0,0,0,0,0,0,0,0,0,0,0,0
35,85,104,103,0,163,0,0,240,78,93,0,126,0,0,45,108,0,201,0,0,45,0,166,0,0,0,0,0,0,124,0,0,0,0,0,15,27,59,68,0,120,0,0,182,39,54,0,54,0,0,32,84,0,125,0,0,28,0,100,0,0,0,0,0,0,73,0,0,0,0,0,4,0,35,30,0,72,0,0,148,12,24,0,14,0,0,16,41,0,92,0,0,19,0,74,0,0,0,0,0,0,49,0,0,0,0,0,4,0,10,0,0,32,0,0,79,2,8,0,0,0,0,5,1,0,46,0,0,12,0,31,0,0,0,0,0,0,25,0,0,0,0,0,0,0,0,0,0,32,0,0,35,2,0,0,0,0,0,0,0,0,21,0,0,0,0,0,0,0,0,0,0,0,0,0,0,0,0,0,0,0,0,0,0,0,0,0,0,0,0,0,0,0,0,0,0,0,0,0,0,0,0,0,0,0,0,0,0,0,0,0,0,0,0,0
26,110,80,74,0,134,0,0,312,105,134,0,193,0,0,34,70,0,155,0,0,31,0,134,0,0,0,0,0,0,102,0,0,0,0,0,10,37,47,53,0,100,0,0,230,50,77,0,80,0,0,19,55,0,98,0,0,15,0,86,0,0,0,0,0,0,61,0,0,0,0,0,4,1,29,29,0,62,0,0,185,14,30,0,16,0,0,9,34,0,74,0,0,12,0,67,0,0,0,0,0,0,41,0,0,0,0,0,3,0,8,0,0,28,0,0,100,2,10,0,0,0,0,3,0,0,37,0,0,8,0,29,0,0,0,0,0,0,22,0,0,0,0,0,0,0,0,0,0,28,0,0,38,2,0,0,0,0,0,0,0,0,15,0,0,0,0,0,0,0,0,0,0,0,0,0,0,0,0,0,0,0,0,0,0,0,0,0,0,0,0,0,0,0,0,0,0,0,0,0,0,0,0,0,0,0,0,0,0,0,0,0,0,0,0,0
24,118,82,77,0,130,0,0,319,110,133,0,202,0,0,37,77,0,158,0,0,33,0,142,0,0,0,0,0,0,104,0,0,0,0,0,11,42,45,55,0,92,0,0,230,53,74,0,80,0,0,19,58,0,101,0,0,17,0,90,0,0,0,0,0,0,62,0,0,0,0,0,4,3,30,24,0,63,0,0,184,14,30,0,16,0,0,8,38,0,76,0,0,12,0,66,0,0,0,0,0,0,41,0,0,0,0,0,3,0,8,0,0,29,0,0,103,3,10,0,0,0,0,3,0,0,37,0,0,8,0,29,0,0,0,0,0,0,22,0,0,0,0,0,0,0,0,0,0,28,0,0,41,2,0,0,0,0,0,0,0,0,15,0,0,0,0,0,0,0,0,0,0,0,0,0,0,0,0,0,0,0,0,0,0,0,0,0,0,0,0,0,0,0,0,0,0,0,0,0,0,0,0,0,0,0,0,0,0,0,0,0,0,0,0,0
35,85,104,103,0,163,0,0,240,78,93,0,126,0,0,45,108,0,201,0,0,45,0,166,0,0,0,0,0,0,124,0,0,0,0,0,15,27,59,68,0,120,0,0,182,39,54,0,54,0,0,32,84,0,125,0,0,28,0,100,0,0,0,0,0,0,73,0,0,0,0,0,4,0,35,30,0,72,0,0,148,12,24,0,14,0,0,16,41,0,92,0,0,19,0,74,0,0,0,0,0,0,49,0,0,0,0,0,4,0,10,0,0,32,0,0,79,2,8,0,0,0,0,5,1,0,46,0,0,12,0,31,0,0,0,0,0,0,25,0,0,0,0,0,0,0,0,0,0,32,0,0,35,2,0,0,0,0,0,0,0,0,21,0,0,0,0,0,0,0,0,0,0,0,0,0,0,0,0,0,0,0,0,0,0,0,0,0,0,0,0,0,0,0,0,0,0,0,0,0,0,0,0,0,0,0,0,0,0,0,0,0,0,0,0,0
35,85,104,103,0,163,0,0,240,78,93,0,126,0,0,45,108,0,201,0,0,45,0,166,0,0,0,0,0,0,124,0,0,0,0,0,15,27,59,68,0,120,0,0,182,39,54,0,54,0,0,32,84,0,125,0,0,28,0,100,0,0,0,0,0,0,73,0,0,0,0,0,4,0,35,30,0,72,0,0,148,12,24,0,14,0,0,16,41,0,92,0,0,19,0,74,0,0,0,0,0,0,49,0,0,0,0,0,4,0,10,0,0,32,0,0,79,2,8,0,0,0,0,5,1,0,46,0,0,12,0,31,0,0,0,0,0,0,25,0,0,0,0,0,0,0,0,0,0,32,0,0,35,2,0,0,0,0,0,0,0,0,21,0,0,0,0,0,0,0,0,0,0,0,0,0,0,0,0,0,0,0,0,0,0,0,0,0,0,0,0,0,0,0,0,0,0,0,0,0,0,0,0,0,0,0,0,0,0,0,0,0,0,0,0,0
35,85,104,103,0,163,0,0,240,78,93,0,126,0,0,45,108,0,201,0,0,45,0,166,0,0,0,0,0,0,124,0,0,0,0,0,15,27,59,68,0,120,0,0,182,39,54,0,54,0,0,32,84,0,125,0,0,28,0,100,0,0,0,0,0,0,73,0,0,0,0,0,4,0,35,30,0,72,0,0,148,12,24,0,14,0,0,16,41,0,92,0,0,19,0,74,0,0,0,0,0,0,49,0,0,0,0,0,4,0,10,0,0,32,0,0,79,2,8,0,0,0,0,5,1,0,46,0,0,12,0,31,0,0,0,0,0,0,25,0,0,0,0,0,0,0,0,0,0,32,0,0,35,2,0,0,0,0,0,0,0,0,21,0,0,0,0,0,0,0,0,0,0,0,0,0,0,0,0,0,0,0,0,0,0,0,0,0,0,0,0,0,0,0,0,0,0,0,0,0,0,0,0,0,0,0,0,0,0,0,0,0,0,0,0,0
35,85,104,103,0,163,0,0,240,78,93,0,126,0,0,45,108,0,201,0,0,45,0,166,0,0,0,0,0,0,124,0,0,0,0,0,15,27,59,68,0,120,0,0,182,39,54,0,54,0,0,32,84,0,125,0,0,28,0,100,0,0,0,0,0,0,73,0,0,0,0,0,4,0,35,30,0,72,0,0,148,12,24,0,14,0,0,16,41,0,92,0,0,19,0,74,0,0,0,0,0,0,49,0,0,0,0,0,4,0,10,0,0,32,0,0,79,2,8,0,0,0,0,5,1,0,46,0,0,12,0,31,0,0,0,0,0,0,25,0,0,0,0,0,0,0,0,0,0,32,0,0,35,2,0,0,0,0,0,0,0,0,21,0,0,0,0,0,0,0,0,0,0,0,0,0,0,0,0,0,0,0,0,0,0,0,0,0,0,0,0,0,0,0,0,0,0,0,0,0,0,0,0,0,0,0,0,0,0,0,0,0,0,0,0,0
35,85,104,103,0,163,0,0,240,78,93,0,126,0,0,45,108,0,201,0,0,45,0,166,0,0,0,0,0,0,124,0,0,0,0,0,15,27,59,68,0,120,0,0,182,39,54,0,54,0,0,32,84,0,125,0,0,28,0,100,0,0,0,0,0,0,73,0,0,0,0,0,4,0,35,30,0,72,0,0,148,12,24,0,14,0,0,16,41,0,92,0,0,19,0,74,0,0,0,0,0,0,49,0,0,0,0,0,4,0,10,0,0,32,0,0,79,2,8,0,0,0,0,5,1,0,46,0,0,12,0,31,0,0,0,0,0,0,25,0,0,0,0,0,0,0,0,0,0,32,0,0,35,2,0,0,0,0,0,0,0,0,21,0,0,0,0,0,0,0,0,0,0,0,0,0,0,0,0,0,0,0,0,0,0,0,0,0,0,0,0,0,0,0,0,0,0,0,0,0,0,0,0,0,0,0,0,0,0,0,0,0,0,0,0,0
27,107,86,76,0,143,0,0,311,101,126,0,180,0,0,42,80,0,180,0,0,31,0,141,0,0,0,0,0,0,119,0,0,0,0,0,11,36,52,50,0,108,0,0,228,45,67,0,72,0,0,24,56,0,117,0,0,17,0,83,0,0,0,0,0,0,73,0,0,0,0,0,5,6,29,23,0,64,0,0,169,13,27,0,20,0,0,12,30,0,89,0,0,12,0,62,0,0,0,0,0,0,49,0,0,0,0,0,3,0,9,0,0,28,0,0,98,2,9,0,0,0,0,3,0,0,41,0,0,8,0,26,0,0,0,0,0,0,26,0,0,0,0,0,0,0,0,0,0,28,0,0,58,2,0,0,0,0,0,0,0,0,15,0,0,0,0,0,0,0,0,0,0,0,0,0,0,0,0,0,0,0,0,0,0,0,0,0,0,0,0,0,0,0,0,0,0,0,0,0,0,0,0,0,0,0,0,0,0,0,0,0,0,0,0,0
26,115,83,80,0,142,0,1,318,112,155,0,189,0,4,39,81,0,162,0,1,40,0,153,0,3,0,0,0,0,109,0,2,0,0,0,12,43,49,57,0,105,0,0,233,56,84,0,82,0,0,19,64,0,105,0,0,25,0,95,0,3,0,0,0,0,66,0,2,0,0,0,6,3,30,29,0,67,0,0,184,16,30,0,18,0,0,12,36,0,78,0,0,18,0,73,0,3,0,0,0,0,43,0,0,0,0,0,4,0,8,0,0,30,0,0,103,3,10,0,0,0,0,1,0,0,38,0,0,11,0,30,0,2,0,0,0,0,23,0,0,0,0,0,0,0,0,0,0,30,0,0,54,1,0,0,0,0,0,0,0,0,15,0,0,0,0,0,0,0,0,0,0,0,0,0,0,0,0,0,0,0,0,0,0,0,0,0,0,0,0,0,0,0,0,0,0,0,0,0,0,0,0,0,0,0,0,0,0,0,0,0,0,0,0,0
26,115,83,80,0,142,0,1,318,112,155,0,189,0,4,39,81,0,162,0,1,40,0,153,0,3,0,0,0,0,109,0,2,0,0,0,12,43,49,57,0,105,0,0,233,56,84,0,82,0,0,19,64,0,105,0,0,25,0,95,0,3,0,0,0,0,66,0,2,0,0,0,6,3,30,29,0,67,0,0,184,16,30,0,18,0,0,12,36,0,78,0,0,18,0,73,0,3,0,0,0,0,43,0,0,0,0,0,4,0,8,0,0,30,0,0,103,3,10,0,0,0,0,1,0,0,38,0,0,11,0,30,0,2,0,0,0,0,23,0,0,0,0,0,0,0,0,0,0,30,0,0,54,1,0,0,0,0,0,0,0,0,15,0,0,0,0,0,0,0,0,0,0,0,0,0,0,0,0,0,0,0,0,0,0,0,0,0,0,0,0,0,0,0,0,0,0,0,0,0,0,0,0,0,0,0,0,0,0,0,0,0,0,0,0,0
40,110,92,99,0,172,0,1,302,98,126,0,173,0,7,45,111,0,189,0,2,57,0,181,0,15,0,0,0,0,128,0,6,0,0,1,21,42,53,69,0,127,0,0,222,45,69,0,71,0,1,26,77,0,123,0,0,41,0,117,0,13,0,0,0,0,82,0,4,0,0,1,8,2,28,41,0,80,0,0,175,13,27,0,15,0,0,15,44,0,90,0,0,32,0,92,0,12,0,0,0,0,57,0,0,0,0,1,6,0,9,3,0,34,0,0,94,2,9,0,0,0,0,4,0,0,44,0,0,20,0,40,0,9,0,0,0,0,30,0,0,0,0,1,0,0,0,0,0,33,0,0,53,2,0,0,0,0,0,0,0,0,17,0,0,4,0,2,0,0,0,0,0,0,2,0,0,0,0,0,0,0,0,0,0,0,0,0,0,0,0,0,0,0,0,0,0,0,0,0,0,2,0,0,0,0,0,0,0,0,2,0,0,0,0,0
40,110,92,99,0,172,0,1,302,98,126,0,173,0,7,45,111,0,189,0,2,57,0,181,0,15,0,0,0,0,128,0,6,0,0,1,21,42,53,69,0,127,0,0,222,45,69,0,71,0,1,26,77,0,123,0,0,41,0,117,0,13,0,0,0,0,82,0,4,0,0,1,8,2,28,41,0,80,0,0,175,13,27,0,15,0,0,15,44,0,90,0,0,32,0,92,0,12,0,0,0,0,57,0,0,0,0,1,6,0,9,3,0,34,0,0,94,2,9,0,0,0,0,4,0,0,44,0,0,20,0,40,0,9,0,0,0,0,30,0,0,0,0,1,0,0,0,0,0,33,0,0,53,2,0,0,0,0,0,0,0,0,17,0,0,4,0,2,0,0,0,0,0,0,2,0,0,0,0,0,0,0,0,0,0,0,0,0,0,0,0,0,0,0,0,0,0,0,0,0,0,2,0,0,0,0,0,0,0,0,2,0,0,0,0,0
40,110,92,99,0,172,0,1,302,98,126,0,173,0,7,45,111,0,189,0,2,57,0,181,0,15,0,0,0,0,128,0,6,0,0,1,21,42,53,69,0,127,0,0,222,45,69,0,71,0,1,26,77,0,123,0,0,41,0,117,0,13,0,0,0,0,82,0,4,0,0,1,8,2,28,41,0,80,0,0,175,13,27,0,15,0,0,15,44,0,90,0,0,32,0,92,0,12,0,0,0,0,57,0,0,0,0,1,6,0,9,3,0,34,0,0,94,2,9,0,0,0,0,4,0,0,44,0,0,20,0,40,0,9,0,0,0,0,30,0,0,0,0,1,0,0,0,0,0,33,0,0,53,2,0,0,0,0,0,0,0,0,17,0,0,4,0,2,0,0,0,0,0,0,2,0,0,0,0,0,0,0,0,0,0,0,0,0,0,0,0,0,0,0,0,0,0,0,0,0,0,2,0,0,0,0,0,0,0,0,2,0,0,0,0,0
